{
  "modelId":"01b59cb2-5e1e-4efd-82e6-83eed58da68e",
  "name":"自定义用户任务属性扩展流程",
  "key":"customUserTaskProcess",
  "description":"",
  "lastUpdated":1648304060000,
  "lastUpdatedBy":null,
  "model":{
    "resourceId":"01b59cb2-5e1e-4efd-82e6-83eed58da68e",
    "properties":{
      "process_id":"customUserTaskProcess",
      "name":"自定义用户任务属性扩展流程",
      "documentation":"",
      "process_author":"",
      "process_version":"",
      "process_namespace":"http://www.activiti.org/processdef",
      "executionlisteners":"",
      "eventlisteners":"",
      "signaldefinitions":"",
      "messagedefinitions":""
    },
    "stencil":{
      "id":"BPMNDiagram"
    },
    "childShapes":[
      {
        "resourceId":"userTask1",
        "properties":{
          "overrideid":"",
          "name":"用户任务",
          "documentation":"",
          "asynchronousdefinition":"false",
          "exclusivedefinition":"false",
          "executionlisteners":"",
          "multiinstance_type":"None",
          "multiinstance_cardinality":"",
          "multiinstance_collection":"",
          "multiinstance_variable":"",
          "multiinstance_condition":"",
          "isforcompensation":"false",
          "usertaskassignment":"",
          "formkeydefinition":"",
          "formreference":"",
          "duedatedefinition":"",
          "prioritydefinition":"",
          "formproperties":"",
          "tasklisteners":"",
          "allowurging":"true"
        },
        "stencil":{
          "id":"UserTask"
        },
        "childShapes":[

        ],
        "outgoing":[

        ],
        "bounds":{
          "lowerRight":{
            "x":195,
            "y":127
          },
          "upperLeft":{
            "x":95,
            "y":47
          }
        },
        "dockers":[

        ]
      }
    ],
    "bounds":{
      "lowerRight":{
        "x":1200,
        "y":1050
      },
      "upperLeft":{
        "x":0,
        "y":0
      }
    },
    "stencilset":{
      "url":"stencilsets/bpmn2.0/bpmn2.0.json",
      "namespace":"http://b3mn.org/stencilset/bpmn2.0#"
    },
    "ssextensions":[

    ],
    "modelType":"model"
  }
}