<?xml version="1.0" encoding="UTF-8"?>
<beans xmlns="http://www.springframework.org/schema/beans"
       xmlns:xsi="http://www.w3.org/2001/XMLSchema-instance"
       xsi:schemaLocation="http://www.springframework.org/schema/beans
       http://www.springframework.org/schema/beans/spring-beans.xsd">

    <!--数据源配置-->
    <bean id="dataSource" class="org.apache.commons.dbcp.BasicDataSource">
        <property name="driverClassName" value="org.h2.Driver"/>
        <property name="url" value="jdbc:h2:mem:activiti"/>
        <property name="username" value="sa"/>
        <property name="password" value=""/>
    </bean>

    <!-- 定义自定义用户数据管理器 -->
    <bean id="customUserDataManager" class="com.bpm.example.demo1.identity.user.data.CustomUserDataManager" />
    <!-- 定义自定义用户组数据管理器 -->
    <bean id="customGroupDataManager" class="com.bpm.example.demo1.identity.group.data.CustomGroupDataManager" />
    <!-- 定义自定义关联关系数据管理器 -->
    <bean id="customMembershipDataManager" class="com.bpm.example.demo1.identity.membership.data.CustomMembershipDataManager" />
    <!-- 定义自定义用户实体管理器 -->
    <bean id="customUserEntityManager" class="com.bpm.example.demo1.identity.user.CustomUserEntityManager" >
        <constructor-arg index="0" ref="processEngineConfiguration"/>
        <constructor-arg index="1" ref="customUserDataManager"/>
    </bean>
    <!-- 定义自定义用户组实体管理器 -->
    <bean id="customGroupEntityManager" class="com.bpm.example.demo1.identity.group.CustomGroupEntityManager" >
        <constructor-arg index="0" ref="processEngineConfiguration"/>
        <constructor-arg index="1" ref="customGroupDataManager"/>
    </bean>
    <!-- 定义自定义关联关系实体管理器 -->
    <bean id="customMembershipEntityManager" class="com.bpm.example.demo1.identity.membership.CustomMembershipEntityManager" >
        <constructor-arg index="0" ref="processEngineConfiguration"/>
        <constructor-arg index="1" ref="customMembershipDataManager"/>
    </bean>

    <!--activiti流程引擎-->
    <bean id="processEngineConfiguration"
          class="org.activiti.engine.impl.cfg.StandaloneProcessEngineConfiguration">
        <!-- 数据源 -->
        <property name="dataSource" ref="dataSource"/>
        <!-- 数据库更新策略 -->
        <property name="databaseSchemaUpdate" value="create-drop"/>

        <!-- 禁用用户身份模块 -->
        <property name="dbIdentityUsed" value="false" />
        <!-- 配置自定义userDataManager -->
        <property name="userDataManager" ref="customUserDataManager" />
        <!-- 配置自定义groupDataManager -->
        <property name="groupDataManager" ref="customGroupDataManager" />
        <!-- 配置自定义membershipDataManager -->
        <property name="membershipDataManager" ref="customMembershipDataManager" />
        <!-- 配置自定义userEntityManager -->
        <property name="userEntityManager" ref="customUserEntityManager" />
        <!-- 配置自定义groupEntityManager -->
        <property name="groupEntityManager" ref="customGroupEntityManager" />
        <!-- 配置自定义membershipEntityManager -->
        <property name="membershipEntityManager" ref="customMembershipEntityManager" />
    </bean>
</beans>
