<?xml version='1.0' encoding='UTF-8'?>
<definitions xmlns="http://www.omg.org/spec/BPMN/20100524/MODEL" xmlns:xsi="http://www.w3.org/2001/XMLSchema-instance" xmlns:xsd="http://www.w3.org/2001/XMLSchema" xmlns:activiti="http://activiti.org/bpmn" xmlns:bpmndi="http://www.omg.org/spec/BPMN/20100524/DI" xmlns:omgdc="http://www.omg.org/spec/DD/20100524/DC" xmlns:omgdi="http://www.omg.org/spec/DD/20100524/DI" typeLanguage="http://www.w3.org/2001/XMLSchema" expressionLanguage="http://www.w3.org/1999/XPath" targetNamespace="http://www.activiti.org/processdef">
  <process id="MuleTaskProcess" name="MuleTask示例流程" isExecutable="true">
    <startEvent id="startEvent1"></startEvent>
    <serviceTask id="muleTask1" name="获取Ip信息" activiti:type="mule">
      <extensionElements>
        <activiti:field name="endpointUrl">
          <activiti:string>vm://getIpInfo</activiti:string>
        </activiti:field>
        <activiti:field name="payloadExpression">
          <activiti:expression>${ip}</activiti:expression>
        </activiti:field>
        <activiti:field name="resultVariable">
          <activiti:string>ipInfo</activiti:string>
        </activiti:field>
        <activiti:field name="language">
          <activiti:string>juel</activiti:string>
        </activiti:field>
      </extensionElements>
    </serviceTask>
    <serviceTask id="mailTask1" name="邮件发送结果" activiti:type="mail">
      <extensionElements>
        <activiti:field name="from" stringValue="hebo824@163.com" />
        <activiti:field name="to" expression="${userMail}" />
        <activiti:field name="subject" expression="IP信息查询结果" />
        <activiti:field name="html">
          <activiti:expression>
            <![CDATA[
              <html>
                <body>
                  用户<b>${userName}</b>你好，<br/>
                  你查询的IP<b>${ip}</b>的信息为：<br/>
                  <table border="1">
                  	<tr>
                  		<td>省份</td>
                  		<td>${ipInfo.regionName}</td>
                  	</tr>
                  	<tr>
                  		<td>城市</td>
                  		<td>${ipInfo.city}</td>
                  	</tr>
                  	<tr>
                  		<td>互联网服务提供商</td>
                  		<td>${ipInfo.isp}</td>
                  	</tr>
                  </table>
                </body>
              </html>
            ]]>
          </activiti:expression>
        </activiti:field>
        <activiti:field name="charset">
          <activiti:string><![CDATA[utf-8]]></activiti:string>
        </activiti:field>
      </extensionElements>
    </serviceTask>
    <endEvent id="endEvent1"></endEvent>
    <sequenceFlow id="sequenceFlow1" sourceRef="startEvent1" targetRef="muleTask1"></sequenceFlow>
    <sequenceFlow id="sequenceFlow2" sourceRef="muleTask1" targetRef="mailTask1"></sequenceFlow>
    <sequenceFlow id="sequenceFlow3" sourceRef="mailTask1" targetRef="endEvent1"></sequenceFlow>
  </process>
  <bpmndi:BPMNDiagram id="BPMNDiagram_MuleTaskProcess">
    <bpmndi:BPMNPlane bpmnElement="MuleTaskProcess" id="BPMNPlane_MuleTaskProcess">
      <bpmndi:BPMNShape bpmnElement="startEvent1" id="BPMNShape_startEvent1">
        <omgdc:Bounds height="30.0" width="30.0" x="75.0" y="120.0"/>
      </bpmndi:BPMNShape>
      <bpmndi:BPMNShape bpmnElement="endEvent1" id="BPMNShape_endEvent1">
        <omgdc:Bounds height="28.0" width="28.0" x="560.0" y="121.0"/>
      </bpmndi:BPMNShape>
      <bpmndi:BPMNShape bpmnElement="mailTask1" id="BPMNShape_mailTask1">
        <omgdc:Bounds height="80.0" width="100.0" x="375.0" y="95.0"/>
      </bpmndi:BPMNShape>
      <bpmndi:BPMNShape bpmnElement="muleTask1" id="BPMNShape_muleTask1">
        <omgdc:Bounds height="80.0" width="100.36219727999998" x="195.0" y="95.0"/>
      </bpmndi:BPMNShape>
      <bpmndi:BPMNEdge bpmnElement="sequenceFlow1" id="BPMNEdge_sequenceFlow1">
        <omgdi:waypoint x="105.0" y="135.0"/>
        <omgdi:waypoint x="195.0" y="135.0"/>
      </bpmndi:BPMNEdge>
      <bpmndi:BPMNEdge bpmnElement="sequenceFlow3" id="BPMNEdge_sequenceFlow3">
        <omgdi:waypoint x="475.0" y="135.0"/>
        <omgdi:waypoint x="560.0" y="135.0"/>
      </bpmndi:BPMNEdge>
      <bpmndi:BPMNEdge bpmnElement="sequenceFlow2" id="BPMNEdge_sequenceFlow2">
        <omgdi:waypoint x="295.36219728" y="135.0"/>
        <omgdi:waypoint x="375.0" y="135.0"/>
      </bpmndi:BPMNEdge>
    </bpmndi:BPMNPlane>
  </bpmndi:BPMNDiagram>
</definitions>