<?xml version='1.0' encoding='UTF-8'?>
<definitions xmlns="http://www.omg.org/spec/BPMN/20100524/MODEL" xmlns:xsi="http://www.w3.org/2001/XMLSchema-instance" xmlns:xsd="http://www.w3.org/2001/XMLSchema" xmlns:activiti="http://activiti.org/bpmn" xmlns:bpmndi="http://www.omg.org/spec/BPMN/20100524/DI" xmlns:omgdc="http://www.omg.org/spec/DD/20100524/DC" xmlns:omgdi="http://www.omg.org/spec/DD/20100524/DI" typeLanguage="http://www.w3.org/2001/XMLSchema" expressionLanguage="http://www.w3.org/1999/XPath" targetNamespace="http://www.activiti.org/processdef">
  <process id="ShellTaskProcess" name="ShellTask示例流程" isExecutable="true">
    <startEvent id="startEvent1"/>
    <userTask id="userTask1" name="提交访问请求"/>
    <serviceTask id="shellTask1" name="ShellTask启动浏览器访问网页" activiti:type="shell">
      <extensionElements>
        <activiti:field name="command" stringValue="cmd" />
        <activiti:field name="arg1" stringValue="/c" />
        <activiti:field name="arg2" expression="${browserLocation}" />
        <activiti:field name="arg3" expression="${webUrl}" />
        <activiti:field name="wait" stringValue="false" />
      </extensionElements>
    </serviceTask>
    <endEvent id="endEvent1"/>
    <sequenceFlow id="sequenceFlow1" sourceRef="startEvent1" targetRef="userTask1"/>    
    <sequenceFlow id="sequenceFlow2" sourceRef="shellTask1" targetRef="endEvent1"/>
    <sequenceFlow id="sequenceFlow3" sourceRef="userTask1" targetRef="shellTask1"/>
  </process>
  <bpmndi:BPMNDiagram id="BPMNDiagram_ShellTaskProcess">
    <bpmndi:BPMNPlane bpmnElement="ShellTaskProcess" id="BPMNPlane_ShellTaskProcess">
      <bpmndi:BPMNShape bpmnElement="startEvent1" id="BPMNShape_startEvent1">
        <omgdc:Bounds height="30.0" width="30.0" x="150.0" y="135.0"/>
      </bpmndi:BPMNShape>
      <bpmndi:BPMNShape bpmnElement="shellTask1" id="BPMNShape_shellTask1">
        <omgdc:Bounds height="80.0" width="100.0" x="450.0" y="110.0"/>
      </bpmndi:BPMNShape>
      <bpmndi:BPMNShape bpmnElement="endEvent1" id="BPMNShape_endEvent1">
        <omgdc:Bounds height="28.0" width="28.0" x="645.0" y="136.0"/>
      </bpmndi:BPMNShape>
      <bpmndi:BPMNShape bpmnElement="userTask1" id="BPMNShape_userTask1">
        <omgdc:Bounds height="80.0" width="100.0" x="270.0" y="110.0"/>
      </bpmndi:BPMNShape>
      <bpmndi:BPMNEdge bpmnElement="sequenceFlow2" id="BPMNEdge_sequenceFlow2">
        <omgdi:waypoint x="550.0" y="150.0"/>
        <omgdi:waypoint x="645.0" y="150.0"/>
      </bpmndi:BPMNEdge>
      <bpmndi:BPMNEdge bpmnElement="sequenceFlow1" id="BPMNEdge_sequenceFlow1">
        <omgdi:waypoint x="180.0" y="150.0"/>
        <omgdi:waypoint x="270.0" y="150.0"/>
      </bpmndi:BPMNEdge>
      <bpmndi:BPMNEdge bpmnElement="sequenceFlow3" id="BPMNEdge_sequenceFlow3">
        <omgdi:waypoint x="370.0" y="150.0"/>
        <omgdi:waypoint x="450.0" y="150.0"/>
      </bpmndi:BPMNEdge>
    </bpmndi:BPMNPlane>
  </bpmndi:BPMNDiagram>
</definitions>