<?xml version='1.0' encoding='UTF-8'?>
<definitions xmlns="http://www.omg.org/spec/BPMN/20100524/MODEL" xmlns:xsi="http://www.w3.org/2001/XMLSchema-instance" xmlns:xsd="http://www.w3.org/2001/XMLSchema" xmlns:activiti="http://activiti.org/bpmn" xmlns:bpmndi="http://www.omg.org/spec/BPMN/20100524/DI" xmlns:omgdc="http://www.omg.org/spec/DD/20100524/DC" xmlns:omgdi="http://www.omg.org/spec/DD/20100524/DI" typeLanguage="http://www.w3.org/2001/XMLSchema" expressionLanguage="http://www.w3.org/1999/XPath" targetNamespace="http://www.activiti.org/processdef">
  <process id="InnerFormProcess" name="内置表单示例流程" isExecutable="true">
    <startEvent id="startEvent1">
      <extensionElements>
        <activiti:formProperty id="studenName" name="学员姓名" type="string" required="true" readable="true" writable="true"/>
        <activiti:formProperty id="sex" name="性别" type="enum" required="true" readable="true" writable="true" default="man">
           <activiti:value id="man" name="男"/>
           <activiti:value id="woman" name="女"/>
        </activiti:formProperty>
        <activiti:formProperty id="birthDate" name="出生日期" type="date" datePattern="yyyy-MM-dd" required="true" readable="true" writable="true"/>
        <activiti:formProperty id="stature" name="身高" type="long" required="true" readable="true" writable="true" default="189"/>
        <activiti:formProperty id="reason" name="申请理由" type="string" readable="true" writable="true"/>
      </extensionElements>
    </startEvent>
    <userTask id="userTask1" name="报名审核">
      <extensionElements>
        <activiti:formProperty id="studenName" name="学员姓名" type="string" readable="true" writable="false"/>
        <activiti:formProperty id="sex" name="性别" type="enum" readable="true" writable="false">
          <activiti:value id="man" name="男"/>
          <activiti:value id="woman" name="女"/>
        </activiti:formProperty>
        <activiti:formProperty id="birthDate" name="出生日期" type="date" datePattern="yyyy-MM-dd" readable="true" writable="false"/>
        <activiti:formProperty id="stature" name="身高" type="long" readable="true" writable="false"/>
        <activiti:formProperty id="reason" name="申请理由" type="string" readable="true" writable="false"/>
        <activiti:formProperty id="result" name="审批结论" type="enum" readable="true" writable="true">
          <activiti:value id="agree" name="同意"/>
          <activiti:value id="disagree" name="不同意"/>
        </activiti:formProperty>
        <activiti:formProperty id="audit" name="审批意见" type="string" readable="true" writable="true"/>
      </extensionElements>
    </userTask>
    <sequenceFlow id="sequenceFlow1" sourceRef="startEvent1" targetRef="userTask1"/>
    <endEvent id="endEvent1"/>
    <sequenceFlow id="sequenceFlow2" sourceRef="userTask1" targetRef="endEvent1"/>
  </process>
  <bpmndi:BPMNDiagram id="BPMNDiagram_InnerFormProcess">
    <bpmndi:BPMNPlane bpmnElement="InnerFormProcess" id="BPMNPlane_InnerFormProcess">
      <bpmndi:BPMNShape bpmnElement="startEvent1" id="BPMNShape_startEvent1">
        <omgdc:Bounds height="30.0" width="30.0" x="90.0" y="90.0"/>
      </bpmndi:BPMNShape>
      <bpmndi:BPMNShape bpmnElement="userTask1" id="BPMNShape_userTask1">
        <omgdc:Bounds height="80.0" width="100.0" x="210.0" y="65.0"/>
      </bpmndi:BPMNShape>
      <bpmndi:BPMNShape bpmnElement="endEvent1" id="BPMNShape_endEvent1">
        <omgdc:Bounds height="28.0" width="28.0" x="420.0" y="91.0"/>
      </bpmndi:BPMNShape>
      <bpmndi:BPMNEdge bpmnElement="sequenceFlow2" id="BPMNEdge_sequenceFlow2">
        <omgdi:waypoint x="310.0" y="105.0"/>
        <omgdi:waypoint x="420.0" y="105.0"/>
      </bpmndi:BPMNEdge>
      <bpmndi:BPMNEdge bpmnElement="sequenceFlow1" id="BPMNEdge_sequenceFlow1">
        <omgdi:waypoint x="120.0" y="105.0"/>
        <omgdi:waypoint x="210.0" y="105.0"/>
      </bpmndi:BPMNEdge>
    </bpmndi:BPMNPlane>
  </bpmndi:BPMNDiagram>
</definitions>