<?xml version='1.0' encoding='UTF-8'?>
<definitions xmlns="http://www.omg.org/spec/BPMN/20100524/MODEL" xmlns:xsi="http://www.w3.org/2001/XMLSchema-instance" xmlns:xsd="http://www.w3.org/2001/XMLSchema" xmlns:activiti="http://activiti.org/bpmn" xmlns:bpmndi="http://www.omg.org/spec/BPMN/20100524/DI" xmlns:omgdc="http://www.omg.org/spec/DD/20100524/DC" xmlns:omgdi="http://www.omg.org/spec/DD/20100524/DI" typeLanguage="http://www.w3.org/2001/XMLSchema" expressionLanguage="http://www.w3.org/1999/XPath" targetNamespace="http://www.activiti.org/processdef">
  <process id="OuterFormProcess" name="外置表单示例流程" isExecutable="true">
    <startEvent id="startEvent1" activiti:formKey="start.form"></startEvent>
    <userTask id="userTask1" name="报名审核" activiti:formKey="task.form"></userTask>
    <sequenceFlow id="sequenceFlow1" sourceRef="startEvent1" targetRef="userTask1"/>
    <endEvent id="endEvent1"/>
    <sequenceFlow id="sequenceFlow2" sourceRef="userTask1" targetRef="endEvent1"/>
  </process>
  <bpmndi:BPMNDiagram id="BPMNDiagram_OuterFormProcess">
    <bpmndi:BPMNPlane bpmnElement="OuterFormProcess" id="BPMNPlane_OuterFormProcess">
      <bpmndi:BPMNShape bpmnElement="startEvent1" id="BPMNShape_startEvent1">
        <omgdc:Bounds height="30.0" width="30.0" x="90.0" y="90.0"/>
      </bpmndi:BPMNShape>
      <bpmndi:BPMNShape bpmnElement="userTask1" id="BPMNShape_userTask1">
        <omgdc:Bounds height="80.0" width="100.0" x="210.0" y="65.0"/>
      </bpmndi:BPMNShape>
      <bpmndi:BPMNShape bpmnElement="endEvent1" id="BPMNShape_endEvent1">
        <omgdc:Bounds height="28.0" width="28.0" x="420.0" y="91.0"/>
      </bpmndi:BPMNShape>
      <bpmndi:BPMNEdge bpmnElement="sequenceFlow2" id="BPMNEdge_sequenceFlow2">
        <omgdi:waypoint x="310.0" y="105.0"/>
        <omgdi:waypoint x="420.0" y="105.0"/>
      </bpmndi:BPMNEdge>
      <bpmndi:BPMNEdge bpmnElement="sequenceFlow1" id="BPMNEdge_sequenceFlow1">
        <omgdi:waypoint x="120.0" y="105.0"/>
        <omgdi:waypoint x="210.0" y="105.0"/>
      </bpmndi:BPMNEdge>
    </bpmndi:BPMNPlane>
  </bpmndi:BPMNDiagram>
</definitions>