<?xml version="1.0" encoding="UTF-8"?>
<beans xmlns="http://www.springframework.org/schema/beans"
       xmlns:xsi="http://www.w3.org/2001/XMLSchema-instance"
       xsi:schemaLocation="http://www.springframework.org/schema/beans
       http://www.springframework.org/schema/beans/spring-beans.xsd">

    <!-- 配置Redis数据源 -->
    <bean id="poolConfig" class="redis.clients.jedis.JedisPoolConfig">
        <!-- 最大空闲数 -->
        <property name="maxIdle" value="5" />
        <!-- 最大空连接数 -->
        <property name="maxTotal" value="10" />
        <!-- 最大等待时间 -->
        <property name="maxWaitMillis" value="2000" />
        <!-- 返回连接时，检测连接是否成功 -->
        <property name="testOnBorrow" value="true" />
    </bean>

    <!-- Spring-Redis连接池管理工厂 -->
    <bean id="jedisConnectionFactory" class="org.springframework.data.redis.connection.jedis.JedisConnectionFactory">
        <!-- IP地址 -->
        <property name="hostName" value="127.0.0.1" />
        <!-- 端口号 -->
        <property name="port" value="6379" />
        <!-- 超时时间 默认2000-->
        <property name="timeout" value="1000" />
        <!-- 连接池配置引用 -->
        <property name="poolConfig" ref="poolConfig" />
        <!-- usePool：是否使用连接池 -->
        <property name="usePool" value="true"/>
    </bean>

    <!-- 配置RedisTemplate模板工具 -->
    <bean id="redisTemplate" class="org.springframework.data.redis.core.RedisTemplate">
        <property name="connectionFactory" ref="jedisConnectionFactory" />
        <property name="keySerializer">
            <bean class="org.springframework.data.redis.serializer.StringRedisSerializer" />
        </property>
        <property name="valueSerializer">
            <!--
            <bean class="org.springframework.data.redis.serializer.JdkSerializationRedisSerializer" />
            -->
            <bean class="com.bpm.example.demo2.serializer.KryoRedisSerializer"/>
        </property>
        <property name="hashKeySerializer">
            <bean class="org.springframework.data.redis.serializer.StringRedisSerializer" />
        </property>
        <property name="hashValueSerializer">
            <bean class="org.springframework.data.redis.serializer.JdkSerializationRedisSerializer" />
        </property>
        <!--开启事务  -->
        <property name="enableTransactionSupport" value="true"></property>
    </bean>

    <!--数据源配置-->
    <bean id="dataSource" class="org.apache.commons.dbcp.BasicDataSource">
        <property name="driverClassName" value="org.h2.Driver"/>
        <property name="url" value="jdbc:h2:mem:activiti"/>
        <property name="username" value="sa"/>
        <property name="password" value=""/>
    </bean>

    <!-- 配置Redis客户端工具类 -->
    <bean id="redisClient" class="com.bpm.example.demo2.util.RedisClient">
        <property name="redisTemplate" ref="redisTemplate"/>
    </bean>

    <!-- 配置自定义Redis流程缓存类 -->
    <bean id="redisProcessDeploymentCache" class="com.bpm.example.demo2.cache.RedisProcessDeploymentCache">
        <!-- 配置Redis客户端工具类 -->
        <property name="redisClient" ref="redisClient"/>
        <!-- 配置流程定义前缀标识 -->
        <property name="processDefinitonCacheKeyPrefix" value="processDefinitonCache-"/>
    </bean>

    <!--activiti流程引擎-->
    <bean id="processEngineConfiguration"
          class="org.activiti.engine.impl.cfg.StandaloneProcessEngineConfiguration">
        <!-- 数据源 -->
        <property name="dataSource" ref="dataSource"/>
        <!-- 数据库更新策略 -->
        <property name="databaseSchemaUpdate" value="create-drop"/>
        <!-- 配置自定义Redis流程定义缓存 -->
        <property name="processDefinitionCache" ref="redisProcessDeploymentCache"/>
        <!-- 配置流程定义缓存数量 -->
        <property name="processDefinitionCacheLimit" value="1000"/>
    </bean>
</beans>
