<?xml version='1.0' encoding='UTF-8'?>
<definitions xmlns="http://www.omg.org/spec/BPMN/20100524/MODEL" xmlns:xsi="http://www.w3.org/2001/XMLSchema-instance" xmlns:xsd="http://www.w3.org/2001/XMLSchema" xmlns:activiti="http://activiti.org/bpmn" xmlns:bpmndi="http://www.omg.org/spec/BPMN/20100524/DI" xmlns:omgdc="http://www.omg.org/spec/DD/20100524/DC" xmlns:omgdi="http://www.omg.org/spec/DD/20100524/DI" typeLanguage="http://www.w3.org/2001/XMLSchema" expressionLanguage="http://www.w3.org/1999/XPath" targetNamespace="http://www.activiti.org/processdef">
  <process id="CancelEndEventProcess" name="取消事件流程" isExecutable="true">
    <startEvent id="startEventOfMainProcess"/>
    <transaction id="transaction1" name="系统上线事务子流程">
      <startEvent id="startEventOfSubProcess"/>
      <userTask id="firstUserTaskOfSubProcess" name="人工上线"></userTask>
      <!-- 定义补偿边界事件 -->
      <boundaryEvent id="boundaryEvent1" attachedToRef="firstUserTaskOfSubProcess" cancelActivity="true">
        <compensateEventDefinition waitForCompletion="true"/>
      </boundaryEvent>
      <!-- 定义取消边界事件 -->
      <endEvent id="cancelEndEventOfSubProcess" name="取消结束事件">
        <cancelEventDefinition/>
      </endEvent>
      <serviceTask id="firstServiceTaskOfSubProcess" name="自动回滚" activiti:class="com.bpm.example.endevent.demo.delegate.CompensationForCancelEndEventDelegate" isForCompensation="true"/>
      <sequenceFlow id="sequenceFlow1" sourceRef="firstUserTaskOfSubProcess" targetRef="cancelEndEventOfSubProcess"/>
      <sequenceFlow id="sequenceFlow2" sourceRef="startEventOfSubProcess" targetRef="firstUserTaskOfSubProcess"/>
    </transaction>
    <!-- 定义取消边界事件 -->
    <boundaryEvent id="boundaryEvent2" name="取消边界事件" attachedToRef="transaction1" cancelActivity="true">
      <cancelEventDefinition/>
    </boundaryEvent>
    <sequenceFlow id="sequenceFlow3" sourceRef="boundaryEvent2" targetRef="firstUserTaskOfMainProcess"/>
    <userTask id="firstUserTaskOfMainProcess" name="问题排查"></userTask>
    <endEvent id="secondEndEventOfMainProcess"></endEvent>
    <sequenceFlow id="sequenceFlow4" sourceRef="firstUserTaskOfMainProcess" targetRef="secondEndEventOfMainProcess"/>
    <sequenceFlow id="sequenceFlow5" sourceRef="startEventOfMainProcess" targetRef="transaction1"/>
    <endEvent id="firstEndEventOfMainProcess"></endEvent>
    <sequenceFlow id="sequenceFlow6" sourceRef="transaction1" targetRef="firstEndEventOfMainProcess"/>
    <!-- 连接补偿边界事件与服务任务 -->
    <association id="association1" sourceRef="boundaryEvent1" targetRef="firstServiceTaskOfSubProcess" associationDirection="None"/>
  </process>
  <bpmndi:BPMNDiagram id="BPMNDiagram_CancelEndEventProcess">
    <bpmndi:BPMNPlane bpmnElement="CancelEndEventProcess" id="BPMNPlane_CancelEndEventProcess">
      <bpmndi:BPMNShape bpmnElement="startEventOfMainProcess" id="BPMNShape_startEventOfMainProcess">
        <omgdc:Bounds height="30.0" width="30.0" x="75.0" y="178.0"></omgdc:Bounds>
      </bpmndi:BPMNShape>
      <bpmndi:BPMNShape bpmnElement="transaction1" id="BPMNShape_transaction1">
        <omgdc:Bounds height="296.0" width="608.0" x="165.0" y="45.0"></omgdc:Bounds>
      </bpmndi:BPMNShape>
      <bpmndi:BPMNShape bpmnElement="startEventOfSubProcess" id="BPMNShape_startEventOfSubProcess">
        <omgdc:Bounds height="30.0" width="30.0" x="255.0" y="210.0"></omgdc:Bounds>
      </bpmndi:BPMNShape>
      <bpmndi:BPMNShape bpmnElement="firstUserTaskOfSubProcess" id="BPMNShape_firstUserTaskOfSubProcess">
        <omgdc:Bounds height="80.0" width="100.0" x="419.0" y="184.82722815993208"></omgdc:Bounds>
      </bpmndi:BPMNShape>
      <bpmndi:BPMNShape bpmnElement="cancelEndEventOfSubProcess" id="BPMNShape_cancelEndEventOfSubProcess">
        <omgdc:Bounds height="28.0" width="28.0" x="630.0" y="210.82722815993208"></omgdc:Bounds>
      </bpmndi:BPMNShape>
      <bpmndi:BPMNShape bpmnElement="firstServiceTaskOfSubProcess" id="BPMNShape_firstServiceTaskOfSubProcess">
        <omgdc:Bounds height="80.0" width="100.0" x="540.0" y="60.0"></omgdc:Bounds>
      </bpmndi:BPMNShape>
      <bpmndi:BPMNShape bpmnElement="boundaryEvent1" id="BPMNShape_boundaryEvent1">
        <omgdc:Bounds height="30.0" width="30.0" x="454.0" y="169.05946395337298"></omgdc:Bounds>
      </bpmndi:BPMNShape>
      <bpmndi:BPMNShape bpmnElement="boundaryEvent2" id="BPMNShape_boundaryEvent2">
        <omgdc:Bounds height="30.0" width="30.0" x="397.6920129216181" y="326.86055800647495"></omgdc:Bounds>
      </bpmndi:BPMNShape>
      <bpmndi:BPMNShape bpmnElement="firstUserTaskOfMainProcess" id="BPMNShape_firstUserTaskOfMainProcess">
        <omgdc:Bounds height="80.0" width="100.0" x="595.0" y="375.0"></omgdc:Bounds>
      </bpmndi:BPMNShape>
      <bpmndi:BPMNShape bpmnElement="secondEndEventOfMainProcess" id="BPMNShape_secondEndEventOfMainProcess">
        <omgdc:Bounds height="28.0" width="28.0" x="740.0" y="401.0"></omgdc:Bounds>
      </bpmndi:BPMNShape>
      <bpmndi:BPMNShape bpmnElement="firstEndEventOfMainProcess" id="BPMNShape_firstEndEventOfMainProcess">
        <omgdc:Bounds height="28.0" width="28.0" x="818.0" y="179.0"></omgdc:Bounds>
      </bpmndi:BPMNShape>
      <bpmndi:BPMNShape bpmnElement="association1" id="BPMNShape_association1">
        <omgdc:Bounds height="38.55615832811276" width="105.88633494585429" x="483.17402002707286" y="140.34215087768004"></omgdc:Bounds>
      </bpmndi:BPMNShape>
      <bpmndi:BPMNEdge bpmnElement="sequenceFlow5" id="BPMNEdge_sequenceFlow5">
        <omgdi:waypoint x="105.0" y="193.0"></omgdi:waypoint>
        <omgdi:waypoint x="165.0" y="193.0"></omgdi:waypoint>
      </bpmndi:BPMNEdge>
      <bpmndi:BPMNEdge bpmnElement="sequenceFlow6" id="BPMNEdge_sequenceFlow6">
        <omgdi:waypoint x="773.0" y="193.0"></omgdi:waypoint>
        <omgdi:waypoint x="818.0" y="193.0"></omgdi:waypoint>
      </bpmndi:BPMNEdge>
      <bpmndi:BPMNEdge bpmnElement="sequenceFlow3" id="BPMNEdge_sequenceFlow3">
        <omgdi:waypoint x="426.9996556065011" y="346.3651513068422"></omgdi:waypoint>
        <omgdi:waypoint x="595.0" y="399.2580870952045"></omgdi:waypoint>
      </bpmndi:BPMNEdge>
      <bpmndi:BPMNEdge bpmnElement="association1" id="BPMNEdge_association1">
        <omgdi:waypoint x="483.09467540609313" y="178.92720078817254"></omgdi:waypoint>
        <omgdi:waypoint x="590.0" y="140.0"></omgdi:waypoint>
      </bpmndi:BPMNEdge>
      <bpmndi:BPMNEdge bpmnElement="sequenceFlow4" id="BPMNEdge_sequenceFlow4">
        <omgdi:waypoint x="695.0" y="415.0"></omgdi:waypoint>
        <omgdi:waypoint x="740.0" y="415.0"></omgdi:waypoint>
      </bpmndi:BPMNEdge>
      <bpmndi:BPMNEdge bpmnElement="sequenceFlow1" id="BPMNEdge_sequenceFlow1">
        <omgdi:waypoint x="519.0" y="224.82722815993208"></omgdi:waypoint>
        <omgdi:waypoint x="630.0" y="224.82722815993208"></omgdi:waypoint>
      </bpmndi:BPMNEdge>
      <bpmndi:BPMNEdge bpmnElement="sequenceFlow2" id="BPMNEdge_sequenceFlow2">
        <omgdi:waypoint x="284.9999943467163" y="224.986977001888"></omgdi:waypoint>
        <omgdi:waypoint x="419.0" y="224.87063816999938"></omgdi:waypoint>
      </bpmndi:BPMNEdge>
    </bpmndi:BPMNPlane>
  </bpmndi:BPMNDiagram>
</definitions>