<?xml version="1.0" encoding="UTF-8"?>
<definitions xmlns="http://www.omg.org/spec/BPMN/20100524/MODEL" xmlns:xsi="http://www.w3.org/2001/XMLSchema-instance" xmlns:xsd="http://www.w3.org/2001/XMLSchema" xmlns:activiti="http://activiti.org/bpmn" xmlns:bpmndi="http://www.omg.org/spec/BPMN/20100524/DI" xmlns:omgdc="http://www.omg.org/spec/DD/20100524/DC" xmlns:omgdi="http://www.omg.org/spec/DD/20100524/DI" typeLanguage="http://www.w3.org/2001/XMLSchema" expressionLanguage="http://www.w3.org/1999/XPath" targetNamespace="http://www.activiti.org/processdef">
  <signal id="theSignal" name="测试信号"/>
  <process id="TimerStartEventProcess" name="定时开始事件示例流程" isExecutable="true">
    <!-- 定义定时开始事件 -->
    <startEvent id="start">
      <timerEventDefinition>
        <timeDuration>PT1M</timeDuration>
      </timerEventDefinition>
    </startEvent>
    <userTask id="task1" name="数据上报"></userTask>
    <endEvent id="end"></endEvent>
    <sequenceFlow id="sequenceFlow1" sourceRef="start" targetRef="task1"></sequenceFlow>
    <sequenceFlow id="sequenceFlow2" sourceRef="task1" targetRef="end"></sequenceFlow>
  </process>

  <bpmndi:BPMNDiagram id="BPMNDiagram_TimerStartEventProcess">
    <bpmndi:BPMNPlane bpmnElement="TimerStartEventProcess" id="BPMNPlane_TimerStartEventProcess">
      <bpmndi:BPMNShape bpmnElement="start" id="BPMNShape_start">
        <omgdc:Bounds height="31.0" width="31.0" x="100.0" y="150.0"></omgdc:Bounds>
      </bpmndi:BPMNShape>
      <bpmndi:BPMNShape bpmnElement="task1" id="BPMNShape_task1">
        <omgdc:Bounds height="80.0" width="100.0" x="255.0" y="125.0"></omgdc:Bounds>
      </bpmndi:BPMNShape>
      <bpmndi:BPMNShape bpmnElement="end" id="BPMNShape_end">
        <omgdc:Bounds height="28.0" width="28.0" x="480.0" y="151.0"></omgdc:Bounds>
      </bpmndi:BPMNShape>
      <bpmndi:BPMNEdge bpmnElement="sequenceFlow1" id="BPMNEdge_sequenceFlow1">
        <omgdi:waypoint x="130.99994604632707" y="165.45910304473264"></omgdi:waypoint>
        <omgdi:waypoint x="255.0" y="165.13192612137203"></omgdi:waypoint>
      </bpmndi:BPMNEdge>
      <bpmndi:BPMNEdge bpmnElement="sequenceFlow2" id="BPMNEdge_sequenceFlow2">
        <omgdi:waypoint x="355.0" y="165.0"></omgdi:waypoint>
        <omgdi:waypoint x="480.0" y="165.0"></omgdi:waypoint>
      </bpmndi:BPMNEdge>
    </bpmndi:BPMNPlane>
  </bpmndi:BPMNDiagram>
</definitions>
