<?xml version="1.0" encoding="UTF-8"?>
<definitions xmlns="http://www.omg.org/spec/BPMN/20100524/MODEL" xmlns:xsi="http://www.w3.org/2001/XMLSchema-instance" xmlns:xsd="http://www.w3.org/2001/XMLSchema" xmlns:activiti="http://activiti.org/bpmn" xmlns:bpmndi="http://www.omg.org/spec/BPMN/20100524/DI" xmlns:omgdc="http://www.omg.org/spec/DD/20100524/DC" xmlns:omgdi="http://www.omg.org/spec/DD/20100524/DI" typeLanguage="http://www.w3.org/2001/XMLSchema" expressionLanguage="http://www.w3.org/1999/XPath" targetNamespace="http://www.activiti.org/processdef">
  <process id="UserTaskProcess" name="用户任务示例流程" isExecutable="true">
    <startEvent id="startEvent1"></startEvent>
    <userTask id="leaveApplication" name="请假申请">
      <documentation>这是员工请假申请环节。</documentation>
    </userTask>
    <sequenceFlow id="sequenceFlow1" sourceRef="startEvent1" targetRef="leaveApplication"></sequenceFlow>
    <userTask id="managerApproval" name="经理审批" activiti:dueDate="PT2H">
      <documentation>这是经理审批环节。</documentation>
    </userTask>
    <sequenceFlow id="sequenceFlow2" sourceRef="leaveApplication" targetRef="managerApproval"></sequenceFlow>
    <endEvent id="endEvent1"></endEvent>
    <sequenceFlow id="sequenceFlow3" sourceRef="managerApproval" targetRef="endEvent1"></sequenceFlow>
  </process>
  <bpmndi:BPMNDiagram id="BPMNDiagram_UserTaskProcess">
    <bpmndi:BPMNPlane bpmnElement="UserTaskProcess" id="BPMNPlane_UserTaskProcess">
      <bpmndi:BPMNShape bpmnElement="startEvent1" id="BPMNShape_startEvent1">
        <omgdc:Bounds height="30.0" width="30.0" x="90.0" y="120.0"></omgdc:Bounds>
      </bpmndi:BPMNShape>
      <bpmndi:BPMNShape bpmnElement="leaveApplication" id="BPMNShape_leaveApplication">
        <omgdc:Bounds height="80.0" width="100.0" x="180.0" y="95.0"></omgdc:Bounds>
      </bpmndi:BPMNShape>
      <bpmndi:BPMNShape bpmnElement="managerApproval" id="BPMNShape_managerApproval">
        <omgdc:Bounds height="80.0" width="100.0" x="345.0" y="95.0"></omgdc:Bounds>
      </bpmndi:BPMNShape>
      <bpmndi:BPMNShape bpmnElement="endEvent1" id="BPMNShape_endEvent1">
        <omgdc:Bounds height="28.0" width="28.0" x="510.0" y="121.0"></omgdc:Bounds>
      </bpmndi:BPMNShape>
      <bpmndi:BPMNEdge bpmnElement="sequenceFlow1" id="BPMNEdge_sequenceFlow1">
        <omgdi:waypoint x="120.0" y="135.0"></omgdi:waypoint>
        <omgdi:waypoint x="180.0" y="135.0"></omgdi:waypoint>
      </bpmndi:BPMNEdge>
      <bpmndi:BPMNEdge bpmnElement="sequenceFlow3" id="BPMNEdge_sequenceFlow3">
        <omgdi:waypoint x="445.0" y="135.0"></omgdi:waypoint>
        <omgdi:waypoint x="510.0" y="135.0"></omgdi:waypoint>
      </bpmndi:BPMNEdge>
      <bpmndi:BPMNEdge bpmnElement="sequenceFlow2" id="BPMNEdge_sequenceFlow2">
        <omgdi:waypoint x="280.0" y="135.0"></omgdi:waypoint>
        <omgdi:waypoint x="345.0" y="135.0"></omgdi:waypoint>
      </bpmndi:BPMNEdge>
    </bpmndi:BPMNPlane>
  </bpmndi:BPMNDiagram>
</definitions>