<?xml version="1.0" encoding="UTF-8" ?>
<!DOCTYPE mapper PUBLIC "-//mybatis.org//DTD Mapper 3.0//EN" "http://mybatis.org/dtd/mybatis-3-mapper.dtd">

<mapper namespace="customSql">
    <!-- 使用resultMap元素将自定义SQL查询Task的结果映射到结果集中 -->
    <resultMap id="customTaskResultMap" type="org.activiti.engine.impl.persistence.entity.TaskEntityImpl">
        <id property="id" column="ID_" jdbcType="VARCHAR"/>
        <result property="revision" column="REV_" jdbcType="INTEGER"/>
        <result property="name" column="NAME_" jdbcType="VARCHAR"/>
        <result property="parentTaskId" column="PARENT_TASK_ID_" jdbcType="VARCHAR"/>
        <result property="description" column="DESCRIPTION_" jdbcType="VARCHAR"/>
        <result property="priority" column="PRIORITY_" jdbcType="INTEGER"/>
        <result property="createTime" column="CREATE_TIME_" jdbcType="TIMESTAMP" />
        <result property="owner" column="OWNER_" jdbcType="VARCHAR"/>
        <result property="assignee" column="ASSIGNEE_" jdbcType="VARCHAR"/>
        <result property="delegationStateString" column="DELEGATION_" jdbcType="VARCHAR"/>
        <result property="executionId" column="EXECUTION_ID_" jdbcType="VARCHAR" />
        <result property="processInstanceId" column="PROC_INST_ID_" jdbcType="VARCHAR" />
        <result property="processDefinitionId" column="PROC_DEF_ID_" jdbcType="VARCHAR"/>
        <result property="taskDefinitionKey" column="TASK_DEF_KEY_" jdbcType="VARCHAR"/>
        <result property="dueDate" column="DUE_DATE_" jdbcType="TIMESTAMP"/>
        <result property="category" column="CATEGORY_" jdbcType="VARCHAR" />
        <result property="suspensionState" column="SUSPENSION_STATE_" jdbcType="INTEGER" />
        <result property="tenantId" column="TENANT_ID_" jdbcType="VARCHAR" />
        <result property="formKey" column="FORM_KEY_" jdbcType="VARCHAR" />
        <result property="claimTime" column="CLAIM_TIME_" jdbcType="TIMESTAMP" />
        <result property="attorney" column="DELEGATE_ATTORNEY_" jdbcType="VARCHAR"/>
    </resultMap>

    <!-- 使用resultMap元素将自定义SQL查询IdentityLink的结果映射到结果集中 -->
    <resultMap id="customIdentityLinkResultMap" type="java.util.HashMap">
        <result property="processInstanceName" column="PROC_INST_NAME_" jdbcType="VARCHAR"/>
        <result property="taskName" column="TASK_NAME_" jdbcType="VARCHAR"/>
        <result property="businessKey" column="BUSINESS_KEY_" jdbcType="VARCHAR"/>
        <result property="type" column="TYPE_" jdbcType="VARCHAR" />
        <result property="userId" column="USER_ID_" jdbcType="VARCHAR" />
    </resultMap>

    <!-- 使用resultMap元素将自定义SQL查询ProcessInstance的结果映射到结果集中 -->
    <resultMap id="customProcessInstanceResultMap" type="java.util.HashMap">
        <id property="id" column="ID_" jdbcType="VARCHAR"/>
        <result property="processInstanceId" column="PROC_INST_ID_" jdbcType="VARCHAR"/>
        <result property="businessKey" column="BUSINESS_KEY_" jdbcType="VARCHAR"/>
        <result property="processDefinitionId" column="PROC_DEF_ID_" jdbcType="VARCHAR"/>
        <result property="processDefinitionName" column="ProcessDefinitionName" jdbcType="VARCHAR"/>
        <result property="processDefinitionKey" column="ProcessDefinitionKey" jdbcType="VARCHAR"/>
        <result property="name" column="NAME_" jdbcType="VARCHAR"/>
        <result property="startTime" column="START_TIME_" jdbcType="TIMESTAMP"/>
        <result property="startUserId" column="START_USER_ID_" jdbcType="VARCHAR"/>
    </resultMap>

    <!-- 使用select标签定义根据businessKey查询ProcessInstance的自定义SQL -->
    <select id="customSelectProcessInstanceByBusinessKey" parameterType="string" resultMap="customProcessInstanceResultMap">
        select *
        from ACT_RU_EXECUTION
        where BUSINESS_KEY_ = #{businessKey}
    </select>

    <!-- 使用select标签定义根据processInstanceId查询Task的自定义SQL -->
    <select id="customSelectTasksByProcessInstanceId" parameterType="org.activiti.engine.impl.db.ListQueryParameterObject" resultMap="customTaskResultMap">
        select * from ACT_RU_TASK where PROC_INST_ID_ = #{parameter}
    </select>

    <!-- 使用select标签定义根据taskId查询IdentityLink的自定义SQL -->
    <select id="customSelectIdentityLinkByTaskId" parameterType="org.activiti.engine.impl.db.ListQueryParameterObject" resultMap="customIdentityLinkResultMap">
        select
        t1.NAME_ as PROC_INST_NAME_, t2.NAME_ as TASK_NAME_, t1.BUSINESS_KEY_, t3.TYPE_, t3.USER_ID_
        from ACT_RU_EXECUTION t1
        join ACT_RU_TASK t2 on t1.ID_ = t2.PROC_INST_ID_
        join ACT_RU_IDENTITYLINK t3 on t3.TASK_ID_ = t2.ID_
        where t3.TASK_ID_ = #{parameter}
    </select>
</mapper>