<?xml version='1.0' encoding='UTF-8'?>
<definitions xmlns="http://www.omg.org/spec/BPMN/20100524/MODEL" xmlns:xsi="http://www.w3.org/2001/XMLSchema-instance" xmlns:xsd="http://www.w3.org/2001/XMLSchema" xmlns:activiti="http://activiti.org/bpmn" xmlns:bpmndi="http://www.omg.org/spec/BPMN/20100524/DI" xmlns:omgdc="http://www.omg.org/spec/DD/20100524/DC" xmlns:omgdi="http://www.omg.org/spec/DD/20100524/DI" typeLanguage="http://www.w3.org/2001/XMLSchema" expressionLanguage="http://www.w3.org/1999/XPath" targetNamespace="http://www.activiti.org/processdef">
  <process id="MultiSubprocessProcess" name="多实例子流程" isExecutable="true">
    <startEvent id="startEventOfMainProcess"/>
    <userTask id="firstUserTaskOfMainProcess" name="起草公文"></userTask>    
    <subProcess id="subProcess1" name="部门审批子流程">
      <multiInstanceLoopCharacteristics isSequential="false" activiti:collection="${assigneeList}" activiti:elementVariable="assignee">
      </multiInstanceLoopCharacteristics>
      <startEvent id="startEventOfSubProcess"/>
      <userTask id="firstUserTaskOfSubProcess" name="经理审批" activiti:assignee="${assignee}"></userTask>
      <userTask id="secondUserTaskOfSubProcess" name="秘书盖章" activiti:assignee="${nextUserId}"></userTask>
      <endEvent id="endEventOfSubProcess"></endEvent>
      <sequenceFlow id="sequenceFlow5" sourceRef="startEventOfSubProcess" targetRef="firstUserTaskOfSubProcess"/>
      <sequenceFlow id="sequenceFlow6" sourceRef="firstUserTaskOfSubProcess" targetRef="secondUserTaskOfSubProcess"/>
      <sequenceFlow id="sequenceFlow7" sourceRef="secondUserTaskOfSubProcess" targetRef="endEventOfSubProcess"/>
    </subProcess>
    <userTask id="secondUserTaskOfMainProcess" name="公文下发"></userTask>
    <endEvent id="endEventOfMainProcess"></endEvent>
    <sequenceFlow id="sequenceFlow1" sourceRef="startEventOfMainProcess" targetRef="firstUserTaskOfMainProcess"/>
    <sequenceFlow id="sequenceFlow2" sourceRef="firstUserTaskOfMainProcess" targetRef="subProcess1"/>
    <sequenceFlow id="sequenceFlow3" sourceRef="subProcess1" targetRef="secondUserTaskOfMainProcess"/>
    <sequenceFlow id="sequenceFlow4" sourceRef="secondUserTaskOfMainProcess" targetRef="endEventOfMainProcess"/>
  </process>
  <bpmndi:BPMNDiagram id="BPMNDiagram_MultiSubprocessProcess">
    <bpmndi:BPMNPlane bpmnElement="MultiSubprocessProcess" id="BPMNPlane_MultiSubprocessProcess">
      <bpmndi:BPMNShape bpmnElement="startEventOfMainProcess" id="BPMNShape_startEventOfMainProcess">
        <omgdc:Bounds height="30.0" width="30.0" x="100.0" y="167.0"/>
      </bpmndi:BPMNShape>
      <bpmndi:BPMNShape bpmnElement="firstUserTaskOfMainProcess" id="BPMNShape_firstUserTaskOfMainProcess">
        <omgdc:Bounds height="80.0" width="100.0" x="180.0" y="142.0"/>
      </bpmndi:BPMNShape>
      <bpmndi:BPMNShape bpmnElement="subProcess1" id="BPMNShape_subProcess1">
        <omgdc:Bounds height="214.0" width="488.0" x="360.0" y="75.0"/>
      </bpmndi:BPMNShape>
      <bpmndi:BPMNShape bpmnElement="startEventOfSubProcess" id="BPMNShape_startEventOfSubProcess">
        <omgdc:Bounds height="30.0" width="30.0" x="400.0" y="166.0"/>
      </bpmndi:BPMNShape>
      <bpmndi:BPMNShape bpmnElement="firstUserTaskOfSubProcess" id="BPMNShape_firstUserTaskOfSubProcess">
        <omgdc:Bounds height="80.0" width="100.0" x="475.0" y="141.0"/>
      </bpmndi:BPMNShape>
      <bpmndi:BPMNShape bpmnElement="secondUserTaskOfSubProcess" id="BPMNShape_secondUserTaskOfSubProcess">
        <omgdc:Bounds height="80.0" width="100.0" x="620.0" y="141.0"/>
      </bpmndi:BPMNShape>
      <bpmndi:BPMNShape bpmnElement="endEventOfSubProcess" id="BPMNShape_endEventOfSubProcess">
        <omgdc:Bounds height="28.0" width="28.0" x="780.0" y="167.0"/>
      </bpmndi:BPMNShape>
      <bpmndi:BPMNShape bpmnElement="secondUserTaskOfMainProcess" id="BPMNShape_secondUserTaskOfMainProcess">
        <omgdc:Bounds height="80.0" width="100.0" x="909.0" y="142.0"/>
      </bpmndi:BPMNShape>
      <bpmndi:BPMNShape bpmnElement="endEventOfMainProcess" id="BPMNShape_endEventOfMainProcess">
        <omgdc:Bounds height="28.0" width="28.0" x="1065.0" y="168.0"/>
      </bpmndi:BPMNShape>
      <bpmndi:BPMNEdge bpmnElement="sequenceFlow3" id="BPMNEdge_sequenceFlow3">
        <omgdi:waypoint x="848.0" y="182.0"/>
        <omgdi:waypoint x="909.0" y="182.0"/>
      </bpmndi:BPMNEdge>
      <bpmndi:BPMNEdge bpmnElement="sequenceFlow6" id="BPMNEdge_sequenceFlow6">
        <omgdi:waypoint x="575.0" y="181.0"/>
        <omgdi:waypoint x="620.0" y="181.0"/>
      </bpmndi:BPMNEdge>
      <bpmndi:BPMNEdge bpmnElement="sequenceFlow1" id="BPMNEdge_sequenceFlow1">
        <omgdi:waypoint x="130.0" y="182.0"/>
        <omgdi:waypoint x="180.0" y="182.0"/>
      </bpmndi:BPMNEdge>
      <bpmndi:BPMNEdge bpmnElement="sequenceFlow4" id="BPMNEdge_sequenceFlow4">
        <omgdi:waypoint x="1009.0" y="182.0"/>
        <omgdi:waypoint x="1065.0" y="182.0"/>
      </bpmndi:BPMNEdge>
      <bpmndi:BPMNEdge bpmnElement="sequenceFlow2" id="BPMNEdge_sequenceFlow2">
        <omgdi:waypoint x="280.0" y="182.0"/>
        <omgdi:waypoint x="360.0" y="182.0"/>
      </bpmndi:BPMNEdge>
      <bpmndi:BPMNEdge bpmnElement="sequenceFlow7" id="BPMNEdge_sequenceFlow7">
        <omgdi:waypoint x="720.0" y="181.0"/>
        <omgdi:waypoint x="780.0" y="181.0"/>
      </bpmndi:BPMNEdge>
      <bpmndi:BPMNEdge bpmnElement="sequenceFlow5" id="BPMNEdge_sequenceFlow5">
        <omgdi:waypoint x="430.0" y="181.0"/>
        <omgdi:waypoint x="475.0" y="181.0"/>
      </bpmndi:BPMNEdge>
    </bpmndi:BPMNPlane>
  </bpmndi:BPMNDiagram>
</definitions>