<?xml version='1.0' encoding='UTF-8'?>
<definitions xmlns="http://www.omg.org/spec/BPMN/20100524/MODEL" xmlns:xsi="http://www.w3.org/2001/XMLSchema-instance" xmlns:xsd="http://www.w3.org/2001/XMLSchema" xmlns:activiti="http://activiti.org/bpmn" xmlns:bpmndi="http://www.omg.org/spec/BPMN/20100524/DI" xmlns:omgdc="http://www.omg.org/spec/DD/20100524/DC" xmlns:omgdi="http://www.omg.org/spec/DD/20100524/DI" typeLanguage="http://www.w3.org/2001/XMLSchema" expressionLanguage="http://www.w3.org/1999/XPath" targetNamespace="http://www.activiti.org/processdef">
  <process id="MultiUserTaskProcess" name="多实例用户任务示例流程" isExecutable="true">
    <startEvent id="startEvent1"/>
    <userTask id="firstUserTask" name="会议申请"></userTask>    
    <userTask id="secondUserTask" name="签到" activiti:assignee="${assignee}">
      <multiInstanceLoopCharacteristics isSequential="true" activiti:collection="${assigneeList}" activiti:elementVariable="assignee">
        <completionCondition>${nrOfCompletedInstances == nrOfInstances}</completionCondition>
      </multiInstanceLoopCharacteristics>
    </userTask>    
    <userTask id="thirdUserTask" name="投票" activiti:assignee="${assignee}">
      <multiInstanceLoopCharacteristics isSequential="false" activiti:collection="${assigneeList}" activiti:elementVariable="assignee">
        <completionCondition>${nrOfCompletedInstances/nrOfInstances >= 0.6}</completionCondition>
      </multiInstanceLoopCharacteristics>
    </userTask>
    <userTask id="fourthUserTask" name="形成决议"></userTask>
    <endEvent id="endEvent1"></endEvent>
    <sequenceFlow id="sequenceFlow1" sourceRef="startEvent1" targetRef="firstUserTask"/>
    <sequenceFlow id="sequenceFlow2" sourceRef="firstUserTask" targetRef="secondUserTask"/>
    <sequenceFlow id="sequenceFlow3" sourceRef="secondUserTask" targetRef="thirdUserTask"/>
    <sequenceFlow id="sequenceFlow4" sourceRef="fourthUserTask" targetRef="endEvent1"/>
    <sequenceFlow id="sequenceFlow5" sourceRef="thirdUserTask" targetRef="fourthUserTask"/>
  </process>
  <bpmndi:BPMNDiagram id="BPMNDiagram_MultiUserTaskProcess">
    <bpmndi:BPMNPlane bpmnElement="MultiUserTaskProcess" id="BPMNPlane_MultiUserTaskProcess">
      <bpmndi:BPMNShape bpmnElement="startEvent1" id="BPMNShape_startEvent1">
        <omgdc:Bounds height="30.0" width="30.0" x="180.0" y="163.0"/>
      </bpmndi:BPMNShape>
      <bpmndi:BPMNShape bpmnElement="firstUserTask" id="BPMNShape_firstUserTask">
        <omgdc:Bounds height="80.0" width="100.0" x="265.0" y="138.0"/>
      </bpmndi:BPMNShape>
      <bpmndi:BPMNShape bpmnElement="secondUserTask" id="BPMNShape_secondUserTask">
        <omgdc:Bounds height="80.0" width="100.0" x="425.0" y="138.0"/>
      </bpmndi:BPMNShape>
      <bpmndi:BPMNShape bpmnElement="thirdUserTask" id="BPMNShape_thirdUserTask">
        <omgdc:Bounds height="80.0" width="100.0" x="585.0" y="138.0"/>
      </bpmndi:BPMNShape>
      <bpmndi:BPMNShape bpmnElement="fourthUserTask" id="BPMNShape_fourthUserTask">
        <omgdc:Bounds height="80.0" width="100.0" x="750.0" y="138.0"/>
      </bpmndi:BPMNShape>
      <bpmndi:BPMNShape bpmnElement="endEvent1" id="BPMNShape_endEvent1">
        <omgdc:Bounds height="28.0" width="28.0" x="915.0" y="164.0"/>
      </bpmndi:BPMNShape>
      <bpmndi:BPMNEdge bpmnElement="sequenceFlow3" id="BPMNEdge_sequenceFlow3">
        <omgdi:waypoint x="525.0" y="178.0"/>
        <omgdi:waypoint x="585.0" y="178.0"/>
      </bpmndi:BPMNEdge>
      <bpmndi:BPMNEdge bpmnElement="sequenceFlow5" id="BPMNEdge_sequenceFlow5">
        <omgdi:waypoint x="685.0" y="178.0"/>
        <omgdi:waypoint x="750.0" y="178.0"/>
      </bpmndi:BPMNEdge>
      <bpmndi:BPMNEdge bpmnElement="sequenceFlow1" id="BPMNEdge_sequenceFlow1">
        <omgdi:waypoint x="210.0" y="178.0"/>
        <omgdi:waypoint x="265.0" y="178.0"/>
      </bpmndi:BPMNEdge>
      <bpmndi:BPMNEdge bpmnElement="sequenceFlow2" id="BPMNEdge_sequenceFlow2">
        <omgdi:waypoint x="365.0" y="178.0"/>
        <omgdi:waypoint x="425.0" y="178.0"/>
      </bpmndi:BPMNEdge>
      <bpmndi:BPMNEdge bpmnElement="sequenceFlow4" id="BPMNEdge_sequenceFlow4">
        <omgdi:waypoint x="850.0" y="178.0"/>
        <omgdi:waypoint x="915.0" y="178.0"/>
      </bpmndi:BPMNEdge>
    </bpmndi:BPMNPlane>
  </bpmndi:BPMNDiagram>
</definitions>