<?xml version='1.0' encoding='UTF-8'?>
<definitions xmlns="http://www.omg.org/spec/BPMN/20100524/MODEL" xmlns:xsi="http://www.w3.org/2001/XMLSchema-instance" xmlns:xsd="http://www.w3.org/2001/XMLSchema" xmlns:activiti="http://activiti.org/bpmn" xmlns:bpmndi="http://www.omg.org/spec/BPMN/20100524/DI" xmlns:omgdc="http://www.omg.org/spec/DD/20100524/DC" xmlns:omgdi="http://www.omg.org/spec/DD/20100524/DI" typeLanguage="http://www.w3.org/2001/XMLSchema" expressionLanguage="http://www.w3.org/1999/XPath" targetNamespace="http://www.activiti.org/processdef">
  <process id="MultiServiceTaskProcess" name="多实例服务任务示例流程" isExecutable="true">
    <startEvent id="startEvent1"/>
    <userTask id="userTask1" name="提交人员名单"></userTask>    
    <serviceTask id="serviceTask1" name="发送录用通知" activiti:class="com.bpm.example.demo2.delegate.SendOfferLetterDelegate">
      <multiInstanceLoopCharacteristics isSequential="false" activiti:collection="${userIdList}" activiti:elementVariable="userId">
        <completionCondition>${nrOfCompletedInstances == nrOfInstances}</completionCondition>
      </multiInstanceLoopCharacteristics>
    </serviceTask>
    <endEvent id="endEvent1"></endEvent>
    <sequenceFlow id="sequenceFlow1" sourceRef="startEvent1" targetRef="userTask1"/>
    <sequenceFlow id="sequenceFlow2" sourceRef="userTask1" targetRef="serviceTask1"/>
    <sequenceFlow id="sequenceFlow3" sourceRef="serviceTask1" targetRef="endEvent1"/>
  </process>
  <bpmndi:BPMNDiagram id="BPMNDiagram_MultiServiceTaskProcess">
    <bpmndi:BPMNPlane bpmnElement="MultiServiceTaskProcess" id="BPMNPlane_MultiServiceTaskProcess">
      <bpmndi:BPMNShape bpmnElement="startEvent1" id="BPMNShape_startEvent1">
        <omgdc:Bounds height="30.0" width="30.0" x="60.0" y="165.0"/>
      </bpmndi:BPMNShape>
      <bpmndi:BPMNShape bpmnElement="userTask1" id="BPMNShape_userTask1">
        <omgdc:Bounds height="80.0" width="100.0" x="150.0" y="140.0"/>
      </bpmndi:BPMNShape>
      <bpmndi:BPMNShape bpmnElement="serviceTask1" id="BPMNShape_serviceTask1">
        <omgdc:Bounds height="80.0" width="100.0" x="315.0" y="140.0"/>
      </bpmndi:BPMNShape>
      <bpmndi:BPMNShape bpmnElement="endEvent1" id="BPMNShape_endEvent1">
        <omgdc:Bounds height="28.0" width="28.0" x="480.0" y="166.0"/>
      </bpmndi:BPMNShape>
      <bpmndi:BPMNEdge bpmnElement="sequenceFlow1" id="BPMNEdge_sequenceFlow1">
        <omgdi:waypoint x="90.0" y="180.0"/>
        <omgdi:waypoint x="150.0" y="180.0"/>
      </bpmndi:BPMNEdge>
      <bpmndi:BPMNEdge bpmnElement="sequenceFlow2" id="BPMNEdge_sequenceFlow2">
        <omgdi:waypoint x="250.0" y="180.0"/>
        <omgdi:waypoint x="315.0" y="180.0"/>
      </bpmndi:BPMNEdge>
      <bpmndi:BPMNEdge bpmnElement="sequenceFlow3" id="BPMNEdge_sequenceFlow3">
        <omgdi:waypoint x="415.0" y="180.0"/>
        <omgdi:waypoint x="480.0" y="180.0"/>
      </bpmndi:BPMNEdge>
    </bpmndi:BPMNPlane>
  </bpmndi:BPMNDiagram>
</definitions>