<?xml version="1.0" encoding="UTF-8"?>
<definitions xmlns="http://www.omg.org/spec/BPMN/20100524/MODEL" xmlns:xsi="http://www.w3.org/2001/XMLSchema-instance" xmlns:xsd="http://www.w3.org/2001/XMLSchema" xmlns:activiti="http://activiti.org/bpmn" xmlns:bpmndi="http://www.omg.org/spec/BPMN/20100524/DI" xmlns:omgdc="http://www.omg.org/spec/DD/20100524/DC" xmlns:omgdi="http://www.omg.org/spec/DD/20100524/DI" typeLanguage="http://www.w3.org/2001/XMLSchema" expressionLanguage="http://www.w3.org/1999/XPath" targetNamespace="http://www.activiti.org/processdef">
  <!-- 定义BPMN错误 -->
  <error id="theError" errorCode="HealthCodeNotGreen" />

  <process id="ErrorBoundaryInterrputingEventProcess" name="错误边界事件示例流程" isExecutable="true">
    <startEvent id="startEvent1"></startEvent>
    <userTask id="userTask1" name="提交材料"></userTask>
    <sequenceFlow id="sequenceFlow1" sourceRef="startEvent1" targetRef="userTask1"></sequenceFlow>
    <!-- 定义服务任务节点 -->
    <serviceTask id="serviceTask1" name="自动审核" activiti:class="com.bpm.example.boundaryevent.demo.delegate.AutomaticReviewService"></serviceTask>
    <sequenceFlow id="sequenceFlow2" sourceRef="userTask1" targetRef="serviceTask1"></sequenceFlow>
    <!-- 定义错误边界事件 -->
    <boundaryEvent id="errorBoundaryInterrputingEvent1" attachedToRef="serviceTask1">
      <errorEventDefinition errorRef="theError"></errorEventDefinition>
    </boundaryEvent>
    <userTask id="userTask2" name="人工复审"></userTask>
    <sequenceFlow id="sequenceFlow3" sourceRef="errorBoundaryInterrputingEvent1" targetRef="userTask2"></sequenceFlow>
    <userTask id="userTask3" name="结果登记"></userTask>
    <sequenceFlow id="sequenceFlow4" sourceRef="serviceTask1" targetRef="userTask3"></sequenceFlow>
    <endEvent id="endEvent1"></endEvent>
    <sequenceFlow id="sequenceFlow5" sourceRef="userTask3" targetRef="endEvent1"></sequenceFlow>
    <sequenceFlow id="sequenceFlow6" sourceRef="userTask2" targetRef="userTask3"></sequenceFlow>
  </process>
  <bpmndi:BPMNDiagram id="BPMNDiagram_ErrorBoundaryInterrputingEventProcess">
    <bpmndi:BPMNPlane bpmnElement="ErrorBoundaryInterrputingEventProcess" id="BPMNPlane_ErrorBoundaryInterrputingEventProcess">
      <bpmndi:BPMNShape bpmnElement="startEvent1" id="BPMNShape_startEvent1">
        <omgdc:Bounds height="30.0" width="30.0" x="75.0" y="120.0"></omgdc:Bounds>
      </bpmndi:BPMNShape>
      <bpmndi:BPMNShape bpmnElement="userTask1" id="BPMNShape_userTask1">
        <omgdc:Bounds height="80.0" width="100.0" x="150.0" y="95.0"></omgdc:Bounds>
      </bpmndi:BPMNShape>
      <bpmndi:BPMNShape bpmnElement="serviceTask1" id="BPMNShape_serviceTask1">
        <omgdc:Bounds height="80.0" width="100.0" x="315.0" y="97.0"></omgdc:Bounds>
      </bpmndi:BPMNShape>
      <bpmndi:BPMNShape bpmnElement="errorBoundaryInterrputingEvent1" id="BPMNShape_errorBoundaryInterrputingEvent1">
        <omgdc:Bounds height="30.0" width="30.0" x="354.35162246798006" y="162.25250782881585"></omgdc:Bounds>
      </bpmndi:BPMNShape>
      <bpmndi:BPMNShape bpmnElement="userTask2" id="BPMNShape_userTask2">
        <omgdc:Bounds height="80.0" width="100.0" x="319.35162246798006" y="240.0"></omgdc:Bounds>
      </bpmndi:BPMNShape>
      <bpmndi:BPMNShape bpmnElement="userTask3" id="BPMNShape_userTask3">
        <omgdc:Bounds height="80.0" width="100.0" x="480.0" y="97.0"></omgdc:Bounds>
      </bpmndi:BPMNShape>
      <bpmndi:BPMNShape bpmnElement="endEvent1" id="BPMNShape_endEvent1">
        <omgdc:Bounds height="28.0" width="28.0" x="625.0" y="123.0"></omgdc:Bounds>
      </bpmndi:BPMNShape>
      <bpmndi:BPMNEdge bpmnElement="sequenceFlow2" id="BPMNEdge_sequenceFlow2">
        <omgdi:waypoint x="250.0" y="135.60606060606062"></omgdi:waypoint>
        <omgdi:waypoint x="315.0" y="136.39393939393938"></omgdi:waypoint>
      </bpmndi:BPMNEdge>
      <bpmndi:BPMNEdge bpmnElement="sequenceFlow6" id="BPMNEdge_sequenceFlow6">
        <omgdi:waypoint x="419.35162246798006" y="280.0"></omgdi:waypoint>
        <omgdi:waypoint x="530.0" y="280.0"></omgdi:waypoint>
        <omgdi:waypoint x="530.0" y="177.0"></omgdi:waypoint>
      </bpmndi:BPMNEdge>
      <bpmndi:BPMNEdge bpmnElement="sequenceFlow4" id="BPMNEdge_sequenceFlow4">
        <omgdi:waypoint x="415.0" y="137.0"></omgdi:waypoint>
        <omgdi:waypoint x="480.0" y="137.0"></omgdi:waypoint>
      </bpmndi:BPMNEdge>
      <bpmndi:BPMNEdge bpmnElement="sequenceFlow5" id="BPMNEdge_sequenceFlow5">
        <omgdi:waypoint x="580.0" y="137.0"></omgdi:waypoint>
        <omgdi:waypoint x="625.0" y="137.0"></omgdi:waypoint>
      </bpmndi:BPMNEdge>
      <bpmndi:BPMNEdge bpmnElement="sequenceFlow3" id="BPMNEdge_sequenceFlow3">
        <omgdi:waypoint x="369.35162246798006" y="192.25250782881585"></omgdi:waypoint>
        <omgdi:waypoint x="369.35162246798006" y="240.0"></omgdi:waypoint>
      </bpmndi:BPMNEdge>
      <bpmndi:BPMNEdge bpmnElement="sequenceFlow1" id="BPMNEdge_sequenceFlow1">
        <omgdi:waypoint x="105.0" y="135.0"></omgdi:waypoint>
        <omgdi:waypoint x="150.0" y="135.0"></omgdi:waypoint>
      </bpmndi:BPMNEdge>
    </bpmndi:BPMNPlane>
  </bpmndi:BPMNDiagram>
</definitions>