<?xml version='1.0' encoding='UTF-8'?>
<definitions xmlns="http://www.omg.org/spec/BPMN/20100524/MODEL" xmlns:xsi="http://www.w3.org/2001/XMLSchema-instance" xmlns:xsd="http://www.w3.org/2001/XMLSchema" xmlns:activiti="http://activiti.org/bpmn" xmlns:bpmndi="http://www.omg.org/spec/BPMN/20100524/DI" xmlns:omgdc="http://www.omg.org/spec/DD/20100524/DC" xmlns:omgdi="http://www.omg.org/spec/DD/20100524/DI" typeLanguage="http://www.w3.org/2001/XMLSchema" expressionLanguage="http://www.w3.org/1999/XPath" targetNamespace="http://www.activiti.org/processdef">

  <!-- 定义id为theSignal的信号 -->
  <signal id="theSignal" name="The Signal" />

  <process id="SignalIntermediateEventProcess" name="信号中间捕获事件和信号中间抛出事件示例流程" isExecutable="true">
    <startEvent id="startEvent1"/>
    <userTask id="userTask1" name="报销申请"></userTask>
    <sequenceFlow id="sequenceFlow1" sourceRef="startEvent1" targetRef="userTask1"/>
    <parallelGateway id="parallelGateway1"/>
    <sequenceFlow id="sequenceFlow2" sourceRef="userTask1" targetRef="parallelGateway1"/>
    <!-- 定义信号中间捕获事件 -->
    <intermediateCatchEvent id="intermediateCatchEvent1">
      <signalEventDefinition signalRef="theSignal"/>
    </intermediateCatchEvent>
    <intermediateCatchEvent id="intermediateCatchEvent2">
      <signalEventDefinition signalRef="theSignal"/>
    </intermediateCatchEvent>
    <!-- 定义信号中间抛出事件 -->
    <intermediateThrowEvent id="intermediateThrowEvent1">
      <signalEventDefinition signalRef="theSignal"/>
    </intermediateThrowEvent>
    <userTask id="userTask2" name="业务主管确认"></userTask>
    <sequenceFlow id="sequenceFlow3" sourceRef="parallelGateway1" targetRef="userTask2"/>
    <sequenceFlow id="sequenceFlow4" sourceRef="parallelGateway1" targetRef="intermediateCatchEvent1"/>
    <sequenceFlow id="sequenceFlow5" sourceRef="userTask2" targetRef="intermediateThrowEvent1"/>
    <userTask id="userTask3" name="部门主管审批"></userTask>
    <sequenceFlow id="sequenceFlow6" sourceRef="intermediateCatchEvent1" targetRef="userTask3"/>
    <sequenceFlow id="sequenceFlow7" sourceRef="parallelGateway1" targetRef="intermediateCatchEvent2"/>
    <userTask id="userTask4" name="财务主管审批"></userTask>
    <sequenceFlow id="sequenceFlow8" sourceRef="intermediateCatchEvent2" targetRef="userTask4"/>
    <parallelGateway id="parallelGateway2"/>
    <sequenceFlow id="sequenceFlow9" sourceRef="userTask4" targetRef="parallelGateway2"/>
    <userTask id="userTask5" name="财务打款"></userTask>
    <sequenceFlow id="sequenceFlow10" sourceRef="parallelGateway2" targetRef="userTask5"/>
    <endEvent id="endEvent1"></endEvent>
    <sequenceFlow id="sequenceFlow11" sourceRef="userTask5" targetRef="endEvent1"/>
    <sequenceFlow id="sequenceFlow12" sourceRef="userTask3" targetRef="parallelGateway2"/>
    <sequenceFlow id="sequenceFlow13" sourceRef="intermediateThrowEvent1" targetRef="parallelGateway2"/>
  </process>
  <bpmndi:BPMNDiagram id="BPMNDiagram_SignalIntermediateEventProcess">
    <bpmndi:BPMNPlane bpmnElement="SignalIntermediateEventProcess" id="BPMNPlane_SignalIntermediateEventProcess">
      <bpmndi:BPMNShape bpmnElement="startEvent1" id="BPMNShape_startEvent1">
        <omgdc:Bounds height="30.0" width="30.0" x="75.0" y="195.0"/>
      </bpmndi:BPMNShape>
      <bpmndi:BPMNShape bpmnElement="userTask1" id="BPMNShape_userTask1">
        <omgdc:Bounds height="80.0" width="100.0" x="150.0" y="170.0"/>
      </bpmndi:BPMNShape>
      <bpmndi:BPMNShape bpmnElement="parallelGateway1" id="BPMNShape_parallelGateway1">
        <omgdc:Bounds height="40.0" width="40.0" x="315.0" y="187.0"/>
      </bpmndi:BPMNShape>
      <bpmndi:BPMNShape bpmnElement="intermediateCatchEvent1" id="BPMNShape_intermediateCatchEvent1">
        <omgdc:Bounds height="30.0" width="30.0" x="420.0" y="86.0"/>
      </bpmndi:BPMNShape>
      <bpmndi:BPMNShape bpmnElement="intermediateCatchEvent2" id="BPMNShape_intermediateCatchEvent2">
        <omgdc:Bounds height="30.0" width="30.0" x="420.0" y="192.0"/>
      </bpmndi:BPMNShape>
      <bpmndi:BPMNShape bpmnElement="intermediateThrowEvent1" id="BPMNShape_intermediateThrowEvent1">
        <omgdc:Bounds height="30.0" width="30.0" x="565.0" y="310.0"/>
      </bpmndi:BPMNShape>
      <bpmndi:BPMNShape bpmnElement="userTask2" id="BPMNShape_userTask2">
        <omgdc:Bounds height="80.0" width="100.0" x="385.0" y="285.0"/>
      </bpmndi:BPMNShape>
      <bpmndi:BPMNShape bpmnElement="userTask3" id="BPMNShape_userTask3">
        <omgdc:Bounds height="80.0" width="100.0" x="515.0" y="61.0"/>
      </bpmndi:BPMNShape>
      <bpmndi:BPMNShape bpmnElement="userTask4" id="BPMNShape_userTask4">
        <omgdc:Bounds height="80.0" width="100.0" x="515.0" y="167.0"/>
      </bpmndi:BPMNShape>
      <bpmndi:BPMNShape bpmnElement="parallelGateway2" id="BPMNShape_parallelGateway2">
        <omgdc:Bounds height="40.0" width="40.0" x="757.0" y="187.0"/>
      </bpmndi:BPMNShape>
      <bpmndi:BPMNShape bpmnElement="userTask5" id="BPMNShape_userTask5">
        <omgdc:Bounds height="80.0" width="100.0" x="840.0" y="167.0"/>
      </bpmndi:BPMNShape>
      <bpmndi:BPMNShape bpmnElement="endEvent1" id="BPMNShape_endEvent1">
        <omgdc:Bounds height="28.0" width="28.0" x="1005.0" y="193.0"/>
      </bpmndi:BPMNShape>
      <bpmndi:BPMNEdge bpmnElement="sequenceFlow1" id="BPMNEdge_sequenceFlow1">
        <omgdi:waypoint x="105.0" y="210.0"/>
        <omgdi:waypoint x="150.0" y="210.0"/>
      </bpmndi:BPMNEdge>
      <bpmndi:BPMNEdge bpmnElement="sequenceFlow11" id="BPMNEdge_sequenceFlow11">
        <omgdi:waypoint x="940.0" y="207.0"/>
        <omgdi:waypoint x="1005.0" y="207.0"/>
      </bpmndi:BPMNEdge>
      <bpmndi:BPMNEdge bpmnElement="sequenceFlow5" id="BPMNEdge_sequenceFlow5">
        <omgdi:waypoint x="485.0" y="325.0"/>
        <omgdi:waypoint x="565.0" y="325.0"/>
      </bpmndi:BPMNEdge>
      <bpmndi:BPMNEdge bpmnElement="sequenceFlow7" id="BPMNEdge_sequenceFlow7">
        <omgdi:waypoint x="354.5959595959596" y="207.40404040404042"/>
        <omgdi:waypoint x="420.0001893855701" y="207.07537593273582"/>
      </bpmndi:BPMNEdge>
      <bpmndi:BPMNEdge bpmnElement="sequenceFlow8" id="BPMNEdge_sequenceFlow8">
        <omgdi:waypoint x="450.0" y="207.0"/>
        <omgdi:waypoint x="515.0" y="207.0"/>
      </bpmndi:BPMNEdge>
      <bpmndi:BPMNEdge bpmnElement="sequenceFlow10" id="BPMNEdge_sequenceFlow10">
        <omgdi:waypoint x="796.5848214285714" y="207.41517857142858"/>
        <omgdi:waypoint x="840.0" y="207.22222222222223"/>
      </bpmndi:BPMNEdge>
      <bpmndi:BPMNEdge bpmnElement="sequenceFlow4" id="BPMNEdge_sequenceFlow4">
        <omgdi:waypoint x="335.5" y="187.5"/>
        <omgdi:waypoint x="335.5" y="101.0"/>
        <omgdi:waypoint x="420.0" y="101.0"/>
      </bpmndi:BPMNEdge>
      <bpmndi:BPMNEdge bpmnElement="sequenceFlow13" id="BPMNEdge_sequenceFlow13">
        <omgdi:waypoint x="595.0" y="325.0"/>
        <omgdi:waypoint x="777.0" y="325.0"/>
        <omgdi:waypoint x="777.0" y="227.0"/>
      </bpmndi:BPMNEdge>
      <bpmndi:BPMNEdge bpmnElement="sequenceFlow2" id="BPMNEdge_sequenceFlow2">
        <omgdi:waypoint x="250.0" y="208.88888888888889"/>
        <omgdi:waypoint x="315.4347826086956" y="207.43478260869566"/>
      </bpmndi:BPMNEdge>
      <bpmndi:BPMNEdge bpmnElement="sequenceFlow12" id="BPMNEdge_sequenceFlow12">
        <omgdi:waypoint x="615.0" y="101.0"/>
        <omgdi:waypoint x="777.0" y="101.0"/>
        <omgdi:waypoint x="777.0" y="187.0"/>
      </bpmndi:BPMNEdge>
      <bpmndi:BPMNEdge bpmnElement="sequenceFlow3" id="BPMNEdge_sequenceFlow3">
        <omgdi:waypoint x="335.5" y="226.5"/>
        <omgdi:waypoint x="335.5" y="325.0"/>
        <omgdi:waypoint x="385.0" y="325.0"/>
      </bpmndi:BPMNEdge>
      <bpmndi:BPMNEdge bpmnElement="sequenceFlow6" id="BPMNEdge_sequenceFlow6">
        <omgdi:waypoint x="450.0" y="101.0"/>
        <omgdi:waypoint x="515.0" y="101.0"/>
      </bpmndi:BPMNEdge>
      <bpmndi:BPMNEdge bpmnElement="sequenceFlow9" id="BPMNEdge_sequenceFlow9">
        <omgdi:waypoint x="615.0" y="207.0"/>
        <omgdi:waypoint x="757.0" y="207.0"/>
      </bpmndi:BPMNEdge>
    </bpmndi:BPMNPlane>
  </bpmndi:BPMNDiagram>
</definitions>