<?xml version='1.0' encoding='UTF-8'?>
<definitions xmlns="http://www.omg.org/spec/BPMN/20100524/MODEL" xmlns:xsi="http://www.w3.org/2001/XMLSchema-instance" xmlns:xsd="http://www.w3.org/2001/XMLSchema" xmlns:activiti="http://activiti.org/bpmn" xmlns:bpmndi="http://www.omg.org/spec/BPMN/20100524/DI" xmlns:omgdc="http://www.omg.org/spec/DD/20100524/DC" xmlns:omgdi="http://www.omg.org/spec/DD/20100524/DI" typeLanguage="http://www.w3.org/2001/XMLSchema" expressionLanguage="http://www.w3.org/1999/XPath" targetNamespace="http://www.activiti.org/processdef">

	<!-- 定义id为changeContract的信号 -->
  <signal id="changeContract" name="修改合同" />

  <process id="SignalBoundaryInterrputingEventProcess" name="信号边界事件示例流程" isExecutable="true">
    <startEvent id="startEvent1"/>
    <userTask id="userTask1" name="起草合同"></userTask>
    <sequenceFlow id="sequenceFlow1" sourceRef="startEvent1" targetRef="userTask1"/>
    <userTask id="userTask2" name="确认合同"></userTask>
    <sequenceFlow id="sequenceFlow2" sourceRef="userTask1" targetRef="userTask2"/>
    <userTask id="userTask3" name="签署合同"></userTask>
    <sequenceFlow id="sequenceFlow3" sourceRef="userTask2" targetRef="userTask3"/>
    <endEvent id="endEvent1"></endEvent>
    <sequenceFlow id="sequenceFlow4" sourceRef="userTask3" targetRef="endEvent1"/>
    <!-- 定义信号边界事件 -->
    <boundaryEvent id="signalBoundaryInterrputingEvent1" attachedToRef="userTask2" cancelActivity="true">
      <signalEventDefinition signalRef="changeContract"/>
    </boundaryEvent>
    <userTask id="userTask4" name="修改合同"></userTask>
    <sequenceFlow id="sequenceFlow5" sourceRef="signalBoundaryInterrputingEvent1" targetRef="userTask4"/>
    <sequenceFlow id="sequenceFlow6" sourceRef="userTask4" targetRef="userTask2"/>
  </process>
  <bpmndi:BPMNDiagram id="BPMNDiagram_SignalBoundaryInterrputingEventProcess">
    <bpmndi:BPMNPlane bpmnElement="SignalBoundaryInterrputingEventProcess" id="BPMNPlane_SignalBoundaryInterrputingEventProcess">
      <bpmndi:BPMNShape bpmnElement="startEvent1" id="BPMNShape_startEvent1">
        <omgdc:Bounds height="30.0" width="30.0" x="45.0" y="180.0"/>
      </bpmndi:BPMNShape>
      <bpmndi:BPMNShape bpmnElement="userTask1" id="BPMNShape_userTask1">
        <omgdc:Bounds height="80.0" width="100.0" x="120.0" y="155.0"/>
      </bpmndi:BPMNShape>
      <bpmndi:BPMNShape bpmnElement="userTask2" id="BPMNShape_userTask2">
        <omgdc:Bounds height="80.0" width="100.0" x="360.0" y="155.0"/>
      </bpmndi:BPMNShape>
      <bpmndi:BPMNShape bpmnElement="userTask3" id="BPMNShape_userTask3">
        <omgdc:Bounds height="80.0" width="100.0" x="525.0" y="155.0"/>
      </bpmndi:BPMNShape>
      <bpmndi:BPMNShape bpmnElement="endEvent1" id="BPMNShape_endEvent1">
        <omgdc:Bounds height="28.0" width="28.0" x="700.0" y="181.0"/>
      </bpmndi:BPMNShape>
      <bpmndi:BPMNShape bpmnElement="signalBoundaryInterrputingEvent1" id="BPMNShape_signalBoundaryInterrputingEvent1">
        <omgdc:Bounds height="30.0" width="30.0" x="393.5370623757376" y="220.96225347934754"/>
      </bpmndi:BPMNShape>
      <bpmndi:BPMNShape bpmnElement="userTask4" id="BPMNShape_userTask4">
        <omgdc:Bounds height="80.0" width="100.0" x="360.0" y="285.0"/>
      </bpmndi:BPMNShape>
      <bpmndi:BPMNEdge bpmnElement="sequenceFlow4" id="BPMNEdge_sequenceFlow4">
        <omgdi:waypoint x="625.0" y="195.0"/>
        <omgdi:waypoint x="700.0" y="195.0"/>
      </bpmndi:BPMNEdge>
      <bpmndi:BPMNEdge bpmnElement="sequenceFlow2" id="BPMNEdge_sequenceFlow2">
        <omgdi:waypoint x="220.0" y="195.0"/>
        <omgdi:waypoint x="360.0" y="195.0"/>
      </bpmndi:BPMNEdge>
      <bpmndi:BPMNEdge bpmnElement="sequenceFlow1" id="BPMNEdge_sequenceFlow1">
        <omgdi:waypoint x="75.0" y="195.0"/>
        <omgdi:waypoint x="120.0" y="195.0"/>
      </bpmndi:BPMNEdge>
      <bpmndi:BPMNEdge bpmnElement="sequenceFlow6" id="BPMNEdge_sequenceFlow6">
        <omgdi:waypoint x="360.0" y="325.0"/>
        <omgdi:waypoint x="315.0" y="325.0"/>
        <omgdi:waypoint x="315.0" y="217.609375"/>
        <omgdi:waypoint x="360.0" y="217.609375"/>
      </bpmndi:BPMNEdge>
      <bpmndi:BPMNEdge bpmnElement="sequenceFlow3" id="BPMNEdge_sequenceFlow3">
        <omgdi:waypoint x="460.0" y="195.0"/>
        <omgdi:waypoint x="525.0" y="195.0"/>
      </bpmndi:BPMNEdge>
    </bpmndi:BPMNPlane>
  </bpmndi:BPMNDiagram>
</definitions>