<?xml version='1.0' encoding='UTF-8'?>
<definitions xmlns="http://www.omg.org/spec/BPMN/20100524/MODEL" xmlns:xsi="http://www.w3.org/2001/XMLSchema-instance" xmlns:xsd="http://www.w3.org/2001/XMLSchema" xmlns:activiti="http://activiti.org/bpmn" xmlns:bpmndi="http://www.omg.org/spec/BPMN/20100524/DI" xmlns:omgdc="http://www.omg.org/spec/DD/20100524/DC" xmlns:omgdi="http://www.omg.org/spec/DD/20100524/DI" typeLanguage="http://www.w3.org/2001/XMLSchema" expressionLanguage="http://www.w3.org/1999/XPath" targetNamespace="http://www.activiti.org/processdef">
  <process id="TimerIntermediateCatchingEventProcess" name="定时中间事件示例流程" isExecutable="true">
    <startEvent id="startEvent1"/>
    <userTask id="userTask1" name="出库申请"></userTask>
    <sequenceFlow id="sequenceFlow1" sourceRef="startEvent1" targetRef="userTask1"/>
    <userTask id="userTask2" name="出库"></userTask>
    <!-- 定义定时中间事件 -->
    <intermediateCatchEvent  id="intermediateCatchEvent1">
      <timerEventDefinition>
        <timeDuration>PT5M</timeDuration>
      </timerEventDefinition>
    </intermediateCatchEvent>
    <sequenceFlow id="sequenceFlow2" sourceRef="userTask1" targetRef="intermediateCatchEvent1"/>
    <sequenceFlow id="sequenceFlow3" sourceRef="intermediateCatchEvent1" targetRef="userTask2"/>
    <endEvent id="endEvent1"></endEvent>
    <sequenceFlow id="sequenceFlow4" sourceRef="userTask2" targetRef="endEvent1"/>
  </process>
  <bpmndi:BPMNDiagram id="BPMNDiagram_TimerIntermediateCatchingEventProcess">
    <bpmndi:BPMNPlane bpmnElement="TimerIntermediateCatchingEventProcess" id="BPMNPlane_TimerIntermediateCatchingEventProcess">
      <bpmndi:BPMNShape bpmnElement="startEvent1" id="BPMNShape_startEvent1">
        <omgdc:Bounds height="30.0" width="30.0" x="100.0" y="163.0"/>
      </bpmndi:BPMNShape>
      <bpmndi:BPMNShape bpmnElement="userTask1" id="BPMNShape_userTask1">
        <omgdc:Bounds height="80.0" width="100.0" x="195.0" y="138.0"/>
      </bpmndi:BPMNShape>
      <bpmndi:BPMNShape bpmnElement="userTask2" id="BPMNShape_userTask2">
        <omgdc:Bounds height="80.0" width="100.0" x="450.0" y="138.0"/>
      </bpmndi:BPMNShape>
      <bpmndi:BPMNShape bpmnElement="intermediateCatchEvent1" id="BPMNShape_intermediateCatchEvent1">
        <omgdc:Bounds height="31.0" width="31.0" x="360.0" y="162.5"/>
      </bpmndi:BPMNShape>
      <bpmndi:BPMNShape bpmnElement="endEvent1" id="BPMNShape_endEvent1">
        <omgdc:Bounds height="28.0" width="28.0" x="595.0" y="164.0"/>
      </bpmndi:BPMNShape>
      <bpmndi:BPMNEdge bpmnElement="sequenceFlow4" id="BPMNEdge_sequenceFlow4">
        <omgdi:waypoint x="550.0" y="178.0"/>
        <omgdi:waypoint x="595.0" y="178.0"/>
      </bpmndi:BPMNEdge>
      <bpmndi:BPMNEdge bpmnElement="sequenceFlow3" id="BPMNEdge_sequenceFlow3">
        <omgdi:waypoint x="391.99986992874534" y="178.4354843954486"/>
        <omgdi:waypoint x="450.0" y="178.2016129032258"/>
      </bpmndi:BPMNEdge>
      <bpmndi:BPMNEdge bpmnElement="sequenceFlow1" id="BPMNEdge_sequenceFlow1">
        <omgdi:waypoint x="130.0" y="178.0"/>
        <omgdi:waypoint x="195.0" y="178.0"/>
      </bpmndi:BPMNEdge>
      <bpmndi:BPMNEdge bpmnElement="sequenceFlow2" id="BPMNEdge_sequenceFlow2">
        <omgdi:waypoint x="295.0" y="178.0"/>
        <omgdi:waypoint x="360.0" y="178.0"/>
      </bpmndi:BPMNEdge>
    </bpmndi:BPMNPlane>
  </bpmndi:BPMNDiagram>
</definitions>