<?xml version='1.0' encoding='UTF-8'?>
<definitions xmlns="http://www.omg.org/spec/BPMN/20100524/MODEL" xmlns:xsi="http://www.w3.org/2001/XMLSchema-instance" xmlns:xsd="http://www.w3.org/2001/XMLSchema" xmlns:activiti="http://activiti.org/bpmn" xmlns:bpmndi="http://www.omg.org/spec/BPMN/20100524/DI" xmlns:omgdc="http://www.omg.org/spec/DD/20100524/DC" xmlns:omgdi="http://www.omg.org/spec/DD/20100524/DI" typeLanguage="http://www.w3.org/2001/XMLSchema" expressionLanguage="http://www.w3.org/1999/XPath" targetNamespace="http://www.activiti.org/processdef">
  <process id="TimerBoundaryEventProcess" name="定时边界事件示例流程" isExecutable="true">
    <startEvent id="startEvent1"/>
    <userTask id="userTask1" name="客户投诉" activiti:assignee="$INITIATOR"></userTask>
    <sequenceFlow id="sequenceFlow1" sourceRef="startEvent1" targetRef="userTask1"/>
    <userTask id="userTask2" name="一线客服处理" activiti:assignee="$INITIATOR"></userTask>
    <sequenceFlow id="sequenceFlow2" sourceRef="userTask1" targetRef="userTask2"/>
    <userTask id="userTask3" name="结案" activiti:assignee="$INITIATOR"></userTask>
    <sequenceFlow id="sequenceFlow3" sourceRef="userTask2" targetRef="userTask3"/>
    <endEvent id="endEvent1"></endEvent>
    <sequenceFlow id="sequenceFlow4" sourceRef="userTask3" targetRef="endEvent1"/>
    <!-- 定义定时边界事件 -->
    <boundaryEvent id="boundaryEvent1" attachedToRef="userTask2" cancelActivity="true">
      <timerEventDefinition>
        <timeDuration>PT2H</timeDuration>
      </timerEventDefinition>
    </boundaryEvent>
    <userTask id="userTask4" name="二线客服处理" activiti:assignee="$INITIATOR"></userTask>
    <sequenceFlow id="sequenceFlow5" sourceRef="boundaryEvent1" targetRef="userTask4"/>
    <sequenceFlow id="sequenceFlow6" sourceRef="userTask4" targetRef="userTask3"/>
  </process>
  <bpmndi:BPMNDiagram id="BPMNDiagram_TimerBoundaryEventProcess">
    <bpmndi:BPMNPlane bpmnElement="TimerBoundaryEventProcess" id="BPMNPlane_TimerBoundaryEventProcess">
      <bpmndi:BPMNShape bpmnElement="startEvent1" id="BPMNShape_startEvent1">
        <omgdc:Bounds height="30.0" width="30.0" x="100.0" y="163.0"/>
      </bpmndi:BPMNShape>
      <bpmndi:BPMNShape bpmnElement="userTask1" id="BPMNShape_userTask1">
        <omgdc:Bounds height="80.0" width="100.0" x="175.0" y="138.0"/>
      </bpmndi:BPMNShape>
      <bpmndi:BPMNShape bpmnElement="userTask2" id="BPMNShape_userTask2">
        <omgdc:Bounds height="80.0" width="100.0" x="375.0" y="138.0"/>
      </bpmndi:BPMNShape>
      <bpmndi:BPMNShape bpmnElement="userTask3" id="BPMNShape_userTask3">
        <omgdc:Bounds height="80.0" width="100.0" x="570.0" y="138.0"/>
      </bpmndi:BPMNShape>
      <bpmndi:BPMNShape bpmnElement="endEvent1" id="BPMNShape_endEvent1">
        <omgdc:Bounds height="28.0" width="28.0" x="795.0" y="164.0"/>
      </bpmndi:BPMNShape>
      <bpmndi:BPMNShape bpmnElement="boundaryEvent1" id="BPMNShape_boundaryEvent1">
        <omgdc:Bounds height="31.0" width="31.0" x="409.5" y="202.76392090126356"/>
      </bpmndi:BPMNShape>
      <bpmndi:BPMNShape bpmnElement="userTask4" id="BPMNShape_userTask4">
        <omgdc:Bounds height="80.0" width="100.0" x="480.0" y="285.0"/>
      </bpmndi:BPMNShape>
      <bpmndi:BPMNEdge bpmnElement="sequenceFlow5" id="BPMNEdge_sequenceFlow5">
        <omgdi:waypoint x="436.7201235404941" y="230.17044656581407"/>
        <omgdi:waypoint x="490.65366836331486" y="285.0"/>
      </bpmndi:BPMNEdge>
      <bpmndi:BPMNEdge bpmnElement="sequenceFlow4" id="BPMNEdge_sequenceFlow4">
        <omgdi:waypoint x="670.0" y="178.0"/>
        <omgdi:waypoint x="795.0" y="178.0"/>
      </bpmndi:BPMNEdge>
      <bpmndi:BPMNEdge bpmnElement="sequenceFlow3" id="BPMNEdge_sequenceFlow3">
        <omgdi:waypoint x="475.0" y="178.0"/>
        <omgdi:waypoint x="570.0" y="178.0"/>
      </bpmndi:BPMNEdge>
      <bpmndi:BPMNEdge bpmnElement="sequenceFlow6" id="BPMNEdge_sequenceFlow6">
        <omgdi:waypoint x="554.4897959183673" y="285.0"/>
        <omgdi:waypoint x="595.5102040816327" y="218.0"/>
      </bpmndi:BPMNEdge>
      <bpmndi:BPMNEdge bpmnElement="sequenceFlow1" id="BPMNEdge_sequenceFlow1">
        <omgdi:waypoint x="130.0" y="178.0"/>
        <omgdi:waypoint x="175.0" y="178.0"/>
      </bpmndi:BPMNEdge>
      <bpmndi:BPMNEdge bpmnElement="sequenceFlow2" id="BPMNEdge_sequenceFlow2">
        <omgdi:waypoint x="275.0" y="178.0"/>
        <omgdi:waypoint x="375.0" y="178.0"/>
      </bpmndi:BPMNEdge>
    </bpmndi:BPMNPlane>
  </bpmndi:BPMNDiagram>
</definitions>