<?xml version='1.0' encoding='UTF-8'?>
<definitions xmlns="http://www.omg.org/spec/BPMN/20100524/MODEL" xmlns:xsi="http://www.w3.org/2001/XMLSchema-instance" xmlns:xsd="http://www.w3.org/2001/XMLSchema" xmlns:activiti="http://activiti.org/bpmn" xmlns:bpmndi="http://www.omg.org/spec/BPMN/20100524/DI" xmlns:omgdc="http://www.omg.org/spec/DD/20100524/DC" xmlns:omgdi="http://www.omg.org/spec/DD/20100524/DI" typeLanguage="http://www.w3.org/2001/XMLSchema" expressionLanguage="http://www.w3.org/1999/XPath" targetNamespace="http://www.activiti.org/processdef">
  <process id="ApproveLoanSubProcess" name="审批贷款子流程" isExecutable="true">
    <startEvent id="startEventOfSubProcess"/>
    <userTask id="firstTaskOfSubProcess" name="审批贷款额度"></userTask>
    <sequenceFlow id="sequenceFlow1" sourceRef="startEventOfSubProcess" targetRef="firstTaskOfSubProcess"/>
    <exclusiveGateway id="exclusiveGatewayOfSubProcess"/>
    <sequenceFlow id="sequenceFlow2" sourceRef="firstTaskOfSubProcess" targetRef="exclusiveGatewayOfSubProcess"/>
    <userTask id="secondTaskOfSubProcess" name="复核贷款额度"></userTask>
    <endEvent id="endEventOfSubProcess"></endEvent>
    <sequenceFlow id="sequenceFlow3" sourceRef="secondTaskOfSubProcess" targetRef="endEventOfSubProcess"/>
    <sequenceFlow id="sequenceFlow4" name="贷款额度小于等于100万元" sourceRef="exclusiveGatewayOfSubProcess" targetRef="endEventOfSubProcess">
      <conditionExpression xsi:type="tFormalExpression"><![CDATA[${loanAmount<=1000000}]]></conditionExpression>
    </sequenceFlow>
    <sequenceFlow id="sequenceFlow5" name="贷款额度大于100万元" sourceRef="exclusiveGatewayOfSubProcess" targetRef="secondTaskOfSubProcess">
      <conditionExpression xsi:type="tFormalExpression"><![CDATA[${loanAmount>1000000}]]></conditionExpression>
    </sequenceFlow>
  </process>
  <bpmndi:BPMNDiagram id="BPMNDiagram_ApproveLoanSubProcess">
    <bpmndi:BPMNPlane bpmnElement="ApproveLoanSubProcess" id="BPMNPlane_ApproveLoanSubProcess">
      <bpmndi:BPMNShape bpmnElement="startEventOfSubProcess" id="BPMNShape_startEventOfSubProcess">
        <omgdc:Bounds height="30.0" width="30.0" x="75.0" y="120.0"/>
      </bpmndi:BPMNShape>
      <bpmndi:BPMNShape bpmnElement="firstTaskOfSubProcess" id="BPMNShape_firstTaskOfSubProcess">
        <omgdc:Bounds height="80.0" width="100.0" x="150.0" y="95.0"/>
      </bpmndi:BPMNShape>
      <bpmndi:BPMNShape bpmnElement="exclusiveGatewayOfSubProcess" id="BPMNShape_exclusiveGatewayOfSubProcess">
        <omgdc:Bounds height="40.0" width="40.0" x="295.0" y="115.0"/>
      </bpmndi:BPMNShape>
      <bpmndi:BPMNShape bpmnElement="secondTaskOfSubProcess" id="BPMNShape_secondTaskOfSubProcess">
        <omgdc:Bounds height="80.0" width="100.0" x="420.0" y="180.0"/>
      </bpmndi:BPMNShape>
      <bpmndi:BPMNShape bpmnElement="endEventOfSubProcess" id="BPMNShape_endEventOfSubProcess">
        <omgdc:Bounds height="28.0" width="28.0" x="570.0" y="121.0"/>
      </bpmndi:BPMNShape>
      <bpmndi:BPMNEdge bpmnElement="sequenceFlow5" id="BPMNEdge_sequenceFlow5">
        <omgdi:waypoint x="315.5" y="154.5"/>
        <omgdi:waypoint x="315.5" y="220.0"/>
        <omgdi:waypoint x="420.0" y="220.0"/>
      </bpmndi:BPMNEdge>
      <bpmndi:BPMNEdge bpmnElement="sequenceFlow2" id="BPMNEdge_sequenceFlow2">
        <omgdi:waypoint x="250.0" y="135.2164502164502"/>
        <omgdi:waypoint x="295.4130434782609" y="135.41304347826087"/>
      </bpmndi:BPMNEdge>
      <bpmndi:BPMNEdge bpmnElement="sequenceFlow4" id="BPMNEdge_sequenceFlow4">
        <omgdi:waypoint x="334.535447761194" y="135.46455223880596"/>
        <omgdi:waypoint x="570.0000242743907" y="135.02607071829723"/>
      </bpmndi:BPMNEdge>
      <bpmndi:BPMNEdge bpmnElement="sequenceFlow3" id="BPMNEdge_sequenceFlow3">
        <omgdi:waypoint x="520.0" y="220.0"/>
        <omgdi:waypoint x="584.0" y="220.0"/>
        <omgdi:waypoint x="584.0" y="149.0"/>
      </bpmndi:BPMNEdge>
      <bpmndi:BPMNEdge bpmnElement="sequenceFlow1" id="BPMNEdge_sequenceFlow1">
        <omgdi:waypoint x="105.0" y="135.0"/>
        <omgdi:waypoint x="150.0" y="135.0"/>
      </bpmndi:BPMNEdge>
    </bpmndi:BPMNPlane>
  </bpmndi:BPMNDiagram>
</definitions>