<?xml version='1.0' encoding='UTF-8'?>
<definitions xmlns="http://www.omg.org/spec/BPMN/20100524/MODEL" xmlns:xsi="http://www.w3.org/2001/XMLSchema-instance" xmlns:xsd="http://www.w3.org/2001/XMLSchema" xmlns:activiti="http://activiti.org/bpmn" xmlns:bpmndi="http://www.omg.org/spec/BPMN/20100524/DI" xmlns:omgdc="http://www.omg.org/spec/DD/20100524/DC" xmlns:omgdi="http://www.omg.org/spec/DD/20100524/DI" typeLanguage="http://www.w3.org/2001/XMLSchema" expressionLanguage="http://www.w3.org/1999/XPath" targetNamespace="http://www.activiti.org/processdef">
  <process id="ApproveLoanMainProcess" name="审批贷款主流程" isExecutable="true">
    <startEvent id="startEventOfMainProcess"/>
    <userTask id="firstTaskOfMainProcess" name="贷款申请"></userTask>
    <sequenceFlow id="sequenceFlow1" sourceRef="startEventOfMainProcess" targetRef="firstTaskOfMainProcess"/>
    <callActivity id="callActivity1" name="贷款额度审批" calledElement="ApproveLoanSubProcess" activiti:inheritVariables="false" activiti:businessKey="${subProcessBusinessKey}">
      <extensionElements>
        <activiti:in source="lender" target="lender"/>
        <activiti:out source="loanAmount" target="loanAmount"/>
      </extensionElements>
    </callActivity>
    <userTask id="secondTaskOfMainProcess" name="发放贷款"></userTask>
    <sequenceFlow id="sequenceFlow2" sourceRef="callActivity1" targetRef="secondTaskOfMainProcess"/>
    <sequenceFlow id="sequenceFlow3" sourceRef="firstTaskOfMainProcess" targetRef="callActivity1"/>
    <endEvent id="endEventOfMainProcess"></endEvent>
    <sequenceFlow id="sequenceFlow4" sourceRef="secondTaskOfMainProcess" targetRef="endEventOfMainProcess"/>
  </process>
  <bpmndi:BPMNDiagram id="BPMNDiagram_ApproveLoanMainProcess">
    <bpmndi:BPMNPlane bpmnElement="ApproveLoanMainProcess" id="BPMNPlane_ApproveLoanMainProcess">
      <bpmndi:BPMNShape bpmnElement="startEventOfMainProcess" id="BPMNShape_startEventOfMainProcess">
        <omgdc:Bounds height="30.0" width="30.0" x="100.0" y="90.0"/>
      </bpmndi:BPMNShape>
      <bpmndi:BPMNShape bpmnElement="firstTaskOfMainProcess" id="BPMNShape_firstTaskOfMainProcess">
        <omgdc:Bounds height="80.0" width="100.0" x="180.0" y="65.0"/>
      </bpmndi:BPMNShape>
      <bpmndi:BPMNShape bpmnElement="callActivity1" id="BPMNShape_callActivity1">
        <omgdc:Bounds height="80.0" width="100.0" x="345.0" y="65.0"/>
      </bpmndi:BPMNShape>
      <bpmndi:BPMNShape bpmnElement="secondTaskOfMainProcess" id="BPMNShape_secondTaskOfMainProcess">
        <omgdc:Bounds height="80.0" width="100.0" x="520.0" y="65.0"/>
      </bpmndi:BPMNShape>
      <bpmndi:BPMNShape bpmnElement="endEventOfMainProcess" id="BPMNShape_endEventOfMainProcess">
        <omgdc:Bounds height="28.0" width="28.0" x="665.0" y="91.0"/>
      </bpmndi:BPMNShape>
      <bpmndi:BPMNEdge bpmnElement="sequenceFlow2" id="BPMNEdge_sequenceFlow2">
        <omgdi:waypoint x="445.0" y="105.0"/>
        <omgdi:waypoint x="520.0" y="105.0"/>
      </bpmndi:BPMNEdge>
      <bpmndi:BPMNEdge bpmnElement="sequenceFlow3" id="BPMNEdge_sequenceFlow3">
        <omgdi:waypoint x="280.0" y="105.0"/>
        <omgdi:waypoint x="345.0" y="105.0"/>
      </bpmndi:BPMNEdge>
      <bpmndi:BPMNEdge bpmnElement="sequenceFlow4" id="BPMNEdge_sequenceFlow4">
        <omgdi:waypoint x="620.0" y="105.0"/>
        <omgdi:waypoint x="665.0" y="105.0"/>
      </bpmndi:BPMNEdge>
      <bpmndi:BPMNEdge bpmnElement="sequenceFlow1" id="BPMNEdge_sequenceFlow1">
        <omgdi:waypoint x="130.0" y="105.0"/>
        <omgdi:waypoint x="180.0" y="105.0"/>
      </bpmndi:BPMNEdge>
    </bpmndi:BPMNPlane>
  </bpmndi:BPMNDiagram>
</definitions>