<?xml version='1.0' encoding='UTF-8'?>
<definitions xmlns="http://www.omg.org/spec/BPMN/20100524/MODEL" xmlns:xsi="http://www.w3.org/2001/XMLSchema-instance" xmlns:xsd="http://www.w3.org/2001/XMLSchema" xmlns:activiti="http://activiti.org/bpmn" xmlns:bpmndi="http://www.omg.org/spec/BPMN/20100524/DI" xmlns:omgdc="http://www.omg.org/spec/DD/20100524/DC" xmlns:omgdi="http://www.omg.org/spec/DD/20100524/DI" typeLanguage="http://www.w3.org/2001/XMLSchema" expressionLanguage="http://www.w3.org/1999/XPath" targetNamespace="http://www.activiti.org/processdef">
  <process id="EventSubProcessInMainProcess" name="事件子流程示例-嵌入主流程中" isExecutable="true">
    <startEvent id="startEvent"/>
    <endEvent id="errorEndEvent">
        <errorEventDefinition errorRef="error1"/>
    </endEvent>
    <userTask id="firstTaskOfMainProcess" name="申请扩容"></userTask>
    <userTask id="secondTaskOfMainProcess" name="客服扩容"></userTask>
    <subProcess id="eventSubProcess" name="管理员扩容事件子流程" triggeredByEvent="true">
      <startEvent id="errorStartEvent" activiti:isInterrupting="true">
        <errorEventDefinition errorRef="error1"/>
      </startEvent>
      <userTask id="firstTaskOfSubProcess" name="管理员扩容"></userTask>
      <endEvent id="endEvent2"></endEvent>
      <sequenceFlow id="sequenceFlow1" sourceRef="errorStartEvent" targetRef="firstTaskOfSubProcess"/>
      <sequenceFlow id="sequenceFlow2" sourceRef="firstTaskOfSubProcess" targetRef="endEvent2"/>
    </subProcess>
    <sequenceFlow id="sequenceFlow3" sourceRef="startEvent" targetRef="firstTaskOfMainProcess"/>
    <sequenceFlow id="sequenceFlow4" sourceRef="firstTaskOfMainProcess" targetRef="secondTaskOfMainProcess"/>
    <exclusiveGateway id="exclusiveGateway1"/>
    <sequenceFlow id="sequenceFlow5" sourceRef="secondTaskOfMainProcess" targetRef="exclusiveGateway1"/>
    <endEvent id="endEvent1"></endEvent>
    <sequenceFlow id="sequenceFlow6" name="扩容失败" sourceRef="exclusiveGateway1" targetRef="errorEndEvent">
      <conditionExpression xsi:type="tFormalExpression"><![CDATA[${operateResult == false}]]></conditionExpression>
    </sequenceFlow>
    <sequenceFlow id="sequenceFlow7" name="扩容成功" sourceRef="exclusiveGateway1" targetRef="endEvent1">
      <conditionExpression xsi:type="tFormalExpression"><![CDATA[${operateResult == true}]]></conditionExpression>
    </sequenceFlow>
  </process>
  <bpmndi:BPMNDiagram id="BPMNDiagram_EventSubProcessInMainProcess">
    <bpmndi:BPMNPlane bpmnElement="EventSubProcessInMainProcess" id="BPMNPlane_EventSubProcessInMainProcess">
      <bpmndi:BPMNShape bpmnElement="startEvent" id="BPMNShape_startEvent">
        <omgdc:Bounds height="30.0" width="30.0" x="120.0" y="245.0"/>
      </bpmndi:BPMNShape>
      <bpmndi:BPMNShape bpmnElement="errorEndEvent" id="BPMNShape_errorEndEvent">
        <omgdc:Bounds height="28.0" width="28.0" x="600.0" y="185.0"/>
      </bpmndi:BPMNShape>
      <bpmndi:BPMNShape bpmnElement="firstTaskOfMainProcess" id="BPMNShape_firstTaskOfMainProcess">
        <omgdc:Bounds height="80.0" width="100.0" x="195.0" y="220.0"/>
      </bpmndi:BPMNShape>
      <bpmndi:BPMNShape bpmnElement="eventSubProcess" id="BPMNShape_eventSubProcess">
        <omgdc:Bounds height="141.0" width="428.0" x="165.0" y="30.0"/>
      </bpmndi:BPMNShape>
      <bpmndi:BPMNShape bpmnElement="errorStartEvent" id="BPMNShape_errorStartEvent">
        <omgdc:Bounds height="30.0" width="30.0" x="195.0" y="85.5"/>
      </bpmndi:BPMNShape>
      <bpmndi:BPMNShape bpmnElement="firstTaskOfSubProcess" id="BPMNShape_firstTaskOfSubProcess">
        <omgdc:Bounds height="80.0" width="100.0" x="315.0" y="60.5"/>
      </bpmndi:BPMNShape>
      <bpmndi:BPMNShape bpmnElement="endEvent2" id="BPMNShape_endEvent2">
        <omgdc:Bounds height="28.0" width="28.0" x="506.0" y="86.5"/>
      </bpmndi:BPMNShape>
      <bpmndi:BPMNShape bpmnElement="secondTaskOfMainProcess" id="BPMNShape_secondTaskOfMainProcess">
        <omgdc:Bounds height="80.0" width="100.0" x="340.0" y="220.0"/>
      </bpmndi:BPMNShape>
      <bpmndi:BPMNShape bpmnElement="exclusiveGateway1" id="BPMNShape_exclusiveGateway1">
        <omgdc:Bounds height="40.0" width="40.0" x="485.0" y="240.0"/>
      </bpmndi:BPMNShape>
      <bpmndi:BPMNShape bpmnElement="endEvent1" id="BPMNShape_endEvent1">
        <omgdc:Bounds height="28.0" width="28.0" x="600.0" y="310.0"/>
      </bpmndi:BPMNShape>
      <bpmndi:BPMNEdge bpmnElement="sequenceFlow7" id="BPMNEdge_sequenceFlow7">
        <omgdi:waypoint x="517.4854651162791" y="267.51453488372096"/>
        <omgdi:waypoint x="601.9172053820057" y="316.9285026890079"/>
      </bpmndi:BPMNEdge>
      <bpmndi:BPMNEdge bpmnElement="sequenceFlow4" id="BPMNEdge_sequenceFlow4">
        <omgdi:waypoint x="295.0" y="260.0"/>
        <omgdi:waypoint x="340.0" y="260.0"/>
      </bpmndi:BPMNEdge>
      <bpmndi:BPMNEdge bpmnElement="sequenceFlow6" id="BPMNEdge_sequenceFlow6">
        <omgdi:waypoint x="518.2647058823529" y="253.26470588235293"/>
        <omgdi:waypoint x="601.8204919657321" y="205.90359211158966"/>
      </bpmndi:BPMNEdge>
      <bpmndi:BPMNEdge bpmnElement="sequenceFlow1" id="BPMNEdge_sequenceFlow1">
        <omgdi:waypoint x="225.0" y="100.5"/>
        <omgdi:waypoint x="315.0" y="100.5"/>
      </bpmndi:BPMNEdge>
      <bpmndi:BPMNEdge bpmnElement="sequenceFlow3" id="BPMNEdge_sequenceFlow3">
        <omgdi:waypoint x="150.0" y="260.0"/>
        <omgdi:waypoint x="195.0" y="260.0"/>
      </bpmndi:BPMNEdge>
      <bpmndi:BPMNEdge bpmnElement="sequenceFlow5" id="BPMNEdge_sequenceFlow5">
        <omgdi:waypoint x="440.0" y="260.2164502164502"/>
        <omgdi:waypoint x="485.4130434782609" y="260.4130434782609"/>
      </bpmndi:BPMNEdge>
      <bpmndi:BPMNEdge bpmnElement="sequenceFlow2" id="BPMNEdge_sequenceFlow2">
        <omgdi:waypoint x="415.0" y="100.5"/>
        <omgdi:waypoint x="506.0" y="100.5"/>
      </bpmndi:BPMNEdge>
    </bpmndi:BPMNPlane>
  </bpmndi:BPMNDiagram>
</definitions>