<?xml version="1.0" encoding="UTF-8"?>
<definitions xmlns="http://www.omg.org/spec/BPMN/20100524/MODEL" xmlns:xsi="http://www.w3.org/2001/XMLSchema-instance" xmlns:xsd="http://www.w3.org/2001/XMLSchema" xmlns:activiti="http://activiti.org/bpmn" xmlns:bpmndi="http://www.omg.org/spec/BPMN/20100524/DI" xmlns:omgdc="http://www.omg.org/spec/DD/20100524/DC" xmlns:omgdi="http://www.omg.org/spec/DD/20100524/DI" typeLanguage="http://www.w3.org/2001/XMLSchema" expressionLanguage="http://www.w3.org/1999/XPath" targetNamespace="http://activiti.org/test">
  <collaboration id="Collaboration">
    <participant id="sid-00C83B97-3664-4424-8DAE-4E73F76A1C1C" name="泳池" processRef="process"></participant>
  </collaboration>
  <process id="process" name="泳池" isExecutable="true">
    <laneSet id="laneSet_process">
      <lane id="sid-6CD021ED-D9EB-4A3B-88EC-4E3B3D01C6A4" name="泳道1">
        <flowNodeRef>sid-E41FA4E5-1C8A-45C0-96E3-189E2548D309</flowNodeRef>
        <flowNodeRef>sid-AE83451D-D4A6-46AE-8FDD-AD6C2B4127A1</flowNodeRef>
        <flowNodeRef>sid-48895E2F-5F45-4A1E-82F7-0B3AD48C4EFF</flowNodeRef>
        <flowNodeRef>sid-64DFD62B-E475-4EAB-B5AE-B83378A7CAD2</flowNodeRef>
      </lane>
      <lane id="sid-6C7FAD26-B48E-45C5-AD32-9EC5294981E5" name="泳道3">
        <flowNodeRef>sid-2B573F51-3E68-43CA-8190-F103D0E5D7F9</flowNodeRef>
        <flowNodeRef>sid-F72BD0A0-9DAA-4DEE-926F-C600FB3CE147</flowNodeRef>
        <flowNodeRef>sid-2E5DC3A0-D212-4F07-B62B-EED0884D5963</flowNodeRef>
      </lane>
      <lane id="sid-51FA7E91-8709-4C99-A0E4-2BA7518AEBD1" name="泳道2">
        <flowNodeRef>sid-6753DD6E-49DA-4377-A185-6105C08B972A</flowNodeRef>
        <flowNodeRef>sid-F258FC54-7313-43CE-BF81-0C4E5D2492A6</flowNodeRef>
      </lane>
    </laneSet>
    <startEvent id="sid-E41FA4E5-1C8A-45C0-96E3-189E2548D309"></startEvent>
    <userTask id="sid-AE83451D-D4A6-46AE-8FDD-AD6C2B4127A1" name="用户任务1"></userTask>
    <userTask id="sid-2B573F51-3E68-43CA-8190-F103D0E5D7F9" name="用户任务3"></userTask>
    <endEvent id="sid-F72BD0A0-9DAA-4DEE-926F-C600FB3CE147"></endEvent>
    <userTask id="sid-6753DD6E-49DA-4377-A185-6105C08B972A" name="用户任务2"></userTask>
    <sequenceFlow id="sid-48895E2F-5F45-4A1E-82F7-0B3AD48C4EFF" sourceRef="sid-E41FA4E5-1C8A-45C0-96E3-189E2548D309" targetRef="sid-AE83451D-D4A6-46AE-8FDD-AD6C2B4127A1"></sequenceFlow>
    <sequenceFlow id="sid-2E5DC3A0-D212-4F07-B62B-EED0884D5963" sourceRef="sid-2B573F51-3E68-43CA-8190-F103D0E5D7F9" targetRef="sid-F72BD0A0-9DAA-4DEE-926F-C600FB3CE147"></sequenceFlow>
    <sequenceFlow id="sid-64DFD62B-E475-4EAB-B5AE-B83378A7CAD2" sourceRef="sid-AE83451D-D4A6-46AE-8FDD-AD6C2B4127A1" targetRef="sid-6753DD6E-49DA-4377-A185-6105C08B972A"></sequenceFlow>
    <sequenceFlow id="sid-F258FC54-7313-43CE-BF81-0C4E5D2492A6" sourceRef="sid-6753DD6E-49DA-4377-A185-6105C08B972A" targetRef="sid-2B573F51-3E68-43CA-8190-F103D0E5D7F9"></sequenceFlow>
  </process>
  <bpmndi:BPMNDiagram id="BPMNDiagram_Collaboration">
    <bpmndi:BPMNPlane bpmnElement="Collaboration" id="BPMNPlane_Collaboration">
      <bpmndi:BPMNShape bpmnElement="sid-00C83B97-3664-4424-8DAE-4E73F76A1C1C" id="BPMNShape_sid-00C83B97-3664-4424-8DAE-4E73F76A1C1C">
        <omgdc:Bounds height="368.0" width="656.0" x="60.0" y="45.0"></omgdc:Bounds>
      </bpmndi:BPMNShape>
      <bpmndi:BPMNShape bpmnElement="sid-6CD021ED-D9EB-4A3B-88EC-4E3B3D01C6A4" id="BPMNShape_sid-6CD021ED-D9EB-4A3B-88EC-4E3B3D01C6A4">
        <omgdc:Bounds height="123.12297778815896" width="626.0" x="90.0" y="45.0"></omgdc:Bounds>
      </bpmndi:BPMNShape>
      <bpmndi:BPMNShape bpmnElement="sid-E41FA4E5-1C8A-45C0-96E3-189E2548D309" id="BPMNShape_sid-E41FA4E5-1C8A-45C0-96E3-189E2548D309">
        <omgdc:Bounds height="30.0" width="30.0" x="120.0" y="91.56148889407947"></omgdc:Bounds>
      </bpmndi:BPMNShape>
      <bpmndi:BPMNShape bpmnElement="sid-AE83451D-D4A6-46AE-8FDD-AD6C2B4127A1" id="BPMNShape_sid-AE83451D-D4A6-46AE-8FDD-AD6C2B4127A1">
        <omgdc:Bounds height="80.0" width="100.0" x="183.0" y="66.56148889407947"></omgdc:Bounds>
      </bpmndi:BPMNShape>
      <bpmndi:BPMNShape bpmnElement="sid-6C7FAD26-B48E-45C5-AD32-9EC5294981E5" id="BPMNShape_sid-6C7FAD26-B48E-45C5-AD32-9EC5294981E5">
        <omgdc:Bounds height="124.02608588860613" width="626.0" x="90.0" y="288.97391411139387"></omgdc:Bounds>
      </bpmndi:BPMNShape>
      <bpmndi:BPMNShape bpmnElement="sid-2B573F51-3E68-43CA-8190-F103D0E5D7F9" id="BPMNShape_sid-2B573F51-3E68-43CA-8190-F103D0E5D7F9">
        <omgdc:Bounds height="80.0" width="100.0" x="525.0" y="310.98695705569696"></omgdc:Bounds>
      </bpmndi:BPMNShape>
      <bpmndi:BPMNShape bpmnElement="sid-F72BD0A0-9DAA-4DEE-926F-C600FB3CE147" id="BPMNShape_sid-F72BD0A0-9DAA-4DEE-926F-C600FB3CE147">
        <omgdc:Bounds height="28.0" width="28.0" x="660.0" y="336.98695705569696"></omgdc:Bounds>
      </bpmndi:BPMNShape>
      <bpmndi:BPMNShape bpmnElement="sid-51FA7E91-8709-4C99-A0E4-2BA7518AEBD1" id="BPMNShape_sid-51FA7E91-8709-4C99-A0E4-2BA7518AEBD1">
        <omgdc:Bounds height="120.85093632323492" width="626.0" x="90.0" y="168.12297778815895"></omgdc:Bounds>
      </bpmndi:BPMNShape>
      <bpmndi:BPMNShape bpmnElement="sid-6753DD6E-49DA-4377-A185-6105C08B972A" id="BPMNShape_sid-6753DD6E-49DA-4377-A185-6105C08B972A">
        <omgdc:Bounds height="80.0" width="100.0" x="353.0" y="188.99999999999997"></omgdc:Bounds>
      </bpmndi:BPMNShape>
      <bpmndi:BPMNEdge bpmnElement="sid-F258FC54-7313-43CE-BF81-0C4E5D2492A6" id="BPMNEdge_sid-F258FC54-7313-43CE-BF81-0C4E5D2492A6">
        <omgdi:waypoint x="453.0" y="228.99999999999997"></omgdi:waypoint>
        <omgdi:waypoint x="487.0" y="228.99999999999997"></omgdi:waypoint>
        <omgdi:waypoint x="487.0" y="350.98695705569696"></omgdi:waypoint>
        <omgdi:waypoint x="525.0" y="350.98695705569696"></omgdi:waypoint>
      </bpmndi:BPMNEdge>
      <bpmndi:BPMNEdge bpmnElement="sid-2E5DC3A0-D212-4F07-B62B-EED0884D5963" id="BPMNEdge_sid-2E5DC3A0-D212-4F07-B62B-EED0884D5963">
        <omgdi:waypoint x="625.0" y="350.98695705569696"></omgdi:waypoint>
        <omgdi:waypoint x="660.0" y="350.98695705569696"></omgdi:waypoint>
      </bpmndi:BPMNEdge>
      <bpmndi:BPMNEdge bpmnElement="sid-64DFD62B-E475-4EAB-B5AE-B83378A7CAD2" id="BPMNEdge_sid-64DFD62B-E475-4EAB-B5AE-B83378A7CAD2">
        <omgdi:waypoint x="283.0" y="106.56148889407947"></omgdi:waypoint>
        <omgdi:waypoint x="319.0" y="106.56148889407947"></omgdi:waypoint>
        <omgdi:waypoint x="319.0" y="228.99999999999997"></omgdi:waypoint>
        <omgdi:waypoint x="353.0" y="228.99999999999997"></omgdi:waypoint>
      </bpmndi:BPMNEdge>
      <bpmndi:BPMNEdge bpmnElement="sid-48895E2F-5F45-4A1E-82F7-0B3AD48C4EFF" id="BPMNEdge_sid-48895E2F-5F45-4A1E-82F7-0B3AD48C4EFF">
        <omgdi:waypoint x="150.0" y="106.56148889407947"></omgdi:waypoint>
        <omgdi:waypoint x="183.0" y="106.56148889407947"></omgdi:waypoint>
      </bpmndi:BPMNEdge>
    </bpmndi:BPMNPlane>
  </bpmndi:BPMNDiagram>
</definitions>