<?xml version="1.0" encoding="UTF-8"?>
<definitions xmlns="http://www.omg.org/spec/BPMN/20100524/MODEL" xmlns:xsi="http://www.w3.org/2001/XMLSchema-instance" xmlns:xsd="http://www.w3.org/2001/XMLSchema" xmlns:activiti="http://activiti.org/bpmn" xmlns:bpmndi="http://www.omg.org/spec/BPMN/20100524/DI" xmlns:omgdc="http://www.omg.org/spec/DD/20100524/DC" xmlns:omgdi="http://www.omg.org/spec/DD/20100524/DI" typeLanguage="http://www.w3.org/2001/XMLSchema" expressionLanguage="http://www.w3.org/1999/XPath" targetNamespace="http://activiti.org/test">
  <collaboration id="Collaboration">
    <participant id="sid-828E749D-51C8-46BF-9A26-F1966D30DA4C" name="采购流程" processRef="process"></participant>
  </collaboration>
  <process id="process" name="采购流程" isExecutable="true">
    <laneSet id="laneSet_process">
      <lane id="sid-302F53D9-F408-47AE-A777-72974D66157C" name="员工">
        <flowNodeRef>sid-D06CA18B-1F7F-471E-939B-5B9E56E5C413</flowNodeRef>
        <flowNodeRef>sid-1D899EE6-4B36-40E9-B975-CE5593D39F97</flowNodeRef>
        <flowNodeRef>sid-4F77D4FD-9AFE-43E3-AD35-D1C83F7E3685</flowNodeRef>
        <flowNodeRef>sid-F029D4FA-8671-4C06-97A1-E5C70A721577</flowNodeRef>
        <flowNodeRef>sid-BDB1FACB-E21C-4FAC-8428-7FDD5A51783F</flowNodeRef>
        <flowNodeRef>sid-571B2169-8909-497B-A239-12D65FDAE417</flowNodeRef>
        <flowNodeRef>sid-7D7C774A-3A53-4F07-94BC-AB7B0A7E2354</flowNodeRef>
        <flowNodeRef>sid-716B6B21-316E-49C9-AA0B-ED99EFA96CF5</flowNodeRef>
        <flowNodeRef>sid-A8B1AFBB-12AF-4B3B-9E2C-4B1D6018AD24</flowNodeRef>
      </lane>
      <lane id="sid-2E61FDC1-9692-4E9C-914F-2F3C0E9EA404" name="领导">
        <flowNodeRef>sid-105A78A5-804A-4997-8C02-05FAC02471B9</flowNodeRef>
        <flowNodeRef>sid-25CDC5CE-0EB2-4C66-B368-8CDE64283CE6</flowNodeRef>
        <flowNodeRef>sid-6181D9EA-A51A-4340-91E9-6673E9948B43</flowNodeRef>
        <flowNodeRef>sid-3D794ABC-B89F-41D9-A912-30CC9A8341D3</flowNodeRef>
        <flowNodeRef>sid-FC1AE638-35CF-4A17-83B0-24D4B1161714</flowNodeRef>
      </lane>
      <lane id="sid-8AAC65AA-E0A1-49C2-B447-32B6982A6C8C" name="财务">
        <flowNodeRef>sid-237D4C0F-DE9E-4A59-BFE2-DC712C43E21F</flowNodeRef>
        <flowNodeRef>sid-6CFB50BF-5CB0-4B42-A044-9A5EEDEF939B</flowNodeRef>
        <flowNodeRef>sid-872F7FEC-D4BA-4F07-ABF5-417B78101BB2</flowNodeRef>
        <flowNodeRef>sid-0B3D2A18-B4AA-4106-B1C4-EA9D0498005A</flowNodeRef>
        <flowNodeRef>sid-0F74AA95-1B97-4775-A1F0-B0B00E0B1D0D</flowNodeRef>
      </lane>
    </laneSet>
    <startEvent id="sid-D06CA18B-1F7F-471E-939B-5B9E56E5C413"></startEvent>
    <userTask id="sid-1D899EE6-4B36-40E9-B975-CE5593D39F97" name="采购申请"></userTask>
    <userTask id="sid-4F77D4FD-9AFE-43E3-AD35-D1C83F7E3685" name="调整申请"></userTask>
    <userTask id="sid-F029D4FA-8671-4C06-97A1-E5C70A721577" name="采购"></userTask>
    <endEvent id="sid-BDB1FACB-E21C-4FAC-8428-7FDD5A51783F"></endEvent>
    <userTask id="sid-105A78A5-804A-4997-8C02-05FAC02471B9" name="直属上级审批"></userTask>
    <exclusiveGateway id="sid-25CDC5CE-0EB2-4C66-B368-8CDE64283CE6"></exclusiveGateway>
    <userTask id="sid-237D4C0F-DE9E-4A59-BFE2-DC712C43E21F" name="财务审批"></userTask>
    <exclusiveGateway id="sid-6CFB50BF-5CB0-4B42-A044-9A5EEDEF939B"></exclusiveGateway>
    <sequenceFlow id="sid-571B2169-8909-497B-A239-12D65FDAE417" sourceRef="sid-D06CA18B-1F7F-471E-939B-5B9E56E5C413" targetRef="sid-1D899EE6-4B36-40E9-B975-CE5593D39F97"></sequenceFlow>
    <sequenceFlow id="sid-7D7C774A-3A53-4F07-94BC-AB7B0A7E2354" sourceRef="sid-F029D4FA-8671-4C06-97A1-E5C70A721577" targetRef="sid-BDB1FACB-E21C-4FAC-8428-7FDD5A51783F"></sequenceFlow>
    <sequenceFlow id="sid-6181D9EA-A51A-4340-91E9-6673E9948B43" sourceRef="sid-105A78A5-804A-4997-8C02-05FAC02471B9" targetRef="sid-25CDC5CE-0EB2-4C66-B368-8CDE64283CE6"></sequenceFlow>
    <sequenceFlow id="sid-716B6B21-316E-49C9-AA0B-ED99EFA96CF5" sourceRef="sid-1D899EE6-4B36-40E9-B975-CE5593D39F97" targetRef="sid-105A78A5-804A-4997-8C02-05FAC02471B9"></sequenceFlow>
    <sequenceFlow id="sid-872F7FEC-D4BA-4F07-ABF5-417B78101BB2" sourceRef="sid-237D4C0F-DE9E-4A59-BFE2-DC712C43E21F" targetRef="sid-6CFB50BF-5CB0-4B42-A044-9A5EEDEF939B"></sequenceFlow>
    <sequenceFlow id="sid-A8B1AFBB-12AF-4B3B-9E2C-4B1D6018AD24" sourceRef="sid-4F77D4FD-9AFE-43E3-AD35-D1C83F7E3685" targetRef="sid-105A78A5-804A-4997-8C02-05FAC02471B9"></sequenceFlow>
    <sequenceFlow id="sid-3D794ABC-B89F-41D9-A912-30CC9A8341D3" name="不同意" sourceRef="sid-25CDC5CE-0EB2-4C66-B368-8CDE64283CE6" targetRef="sid-4F77D4FD-9AFE-43E3-AD35-D1C83F7E3685"></sequenceFlow>
    <sequenceFlow id="sid-FC1AE638-35CF-4A17-83B0-24D4B1161714" name="同意" sourceRef="sid-25CDC5CE-0EB2-4C66-B368-8CDE64283CE6" targetRef="sid-237D4C0F-DE9E-4A59-BFE2-DC712C43E21F"></sequenceFlow>
    <sequenceFlow id="sid-0B3D2A18-B4AA-4106-B1C4-EA9D0498005A" name="同意" sourceRef="sid-6CFB50BF-5CB0-4B42-A044-9A5EEDEF939B" targetRef="sid-F029D4FA-8671-4C06-97A1-E5C70A721577"></sequenceFlow>
    <sequenceFlow id="sid-0F74AA95-1B97-4775-A1F0-B0B00E0B1D0D" name="不同意" sourceRef="sid-6CFB50BF-5CB0-4B42-A044-9A5EEDEF939B" targetRef="sid-4F77D4FD-9AFE-43E3-AD35-D1C83F7E3685"></sequenceFlow>
  </process>
  <bpmndi:BPMNDiagram id="BPMNDiagram_Collaboration">
    <bpmndi:BPMNPlane bpmnElement="Collaboration" id="BPMNPlane_Collaboration">
      <bpmndi:BPMNShape bpmnElement="sid-828E749D-51C8-46BF-9A26-F1966D30DA4C" id="BPMNShape_sid-828E749D-51C8-46BF-9A26-F1966D30DA4C">
        <omgdc:Bounds height="425.99999999999983" width="779.0" x="90.0" y="45.0"></omgdc:Bounds>
      </bpmndi:BPMNShape>
      <bpmndi:BPMNShape bpmnElement="sid-302F53D9-F408-47AE-A777-72974D66157C" id="BPMNShape_sid-302F53D9-F408-47AE-A777-72974D66157C">
        <omgdc:Bounds height="144.2545810997476" width="749.0" x="120.0" y="45.0"></omgdc:Bounds>
      </bpmndi:BPMNShape>
      <bpmndi:BPMNShape bpmnElement="sid-D06CA18B-1F7F-471E-939B-5B9E56E5C413" id="BPMNShape_sid-D06CA18B-1F7F-471E-939B-5B9E56E5C413">
        <omgdc:Bounds height="30.0" width="30.0" x="150.0" y="102.1272905498738"></omgdc:Bounds>
      </bpmndi:BPMNShape>
      <bpmndi:BPMNShape bpmnElement="sid-1D899EE6-4B36-40E9-B975-CE5593D39F97" id="BPMNShape_sid-1D899EE6-4B36-40E9-B975-CE5593D39F97">
        <omgdc:Bounds height="80.0" width="100.0" x="210.0" y="77.1272905498738"></omgdc:Bounds>
      </bpmndi:BPMNShape>
      <bpmndi:BPMNShape bpmnElement="sid-4F77D4FD-9AFE-43E3-AD35-D1C83F7E3685" id="BPMNShape_sid-4F77D4FD-9AFE-43E3-AD35-D1C83F7E3685">
        <omgdc:Bounds height="80.0" width="100.0" x="465.0" y="77.1272905498738"></omgdc:Bounds>
      </bpmndi:BPMNShape>
      <bpmndi:BPMNShape bpmnElement="sid-F029D4FA-8671-4C06-97A1-E5C70A721577" id="BPMNShape_sid-F029D4FA-8671-4C06-97A1-E5C70A721577">
        <omgdc:Bounds height="80.0" width="100.0" x="675.0" y="77.1272905498738"></omgdc:Bounds>
      </bpmndi:BPMNShape>
      <bpmndi:BPMNShape bpmnElement="sid-BDB1FACB-E21C-4FAC-8428-7FDD5A51783F" id="BPMNShape_sid-BDB1FACB-E21C-4FAC-8428-7FDD5A51783F">
        <omgdc:Bounds height="28.0" width="28.0" x="825.0" y="103.1272905498738"></omgdc:Bounds>
      </bpmndi:BPMNShape>
      <bpmndi:BPMNShape bpmnElement="sid-2E61FDC1-9692-4E9C-914F-2F3C0E9EA404" id="BPMNShape_sid-2E61FDC1-9692-4E9C-914F-2F3C0E9EA404">
        <omgdc:Bounds height="150.38862688326935" width="749.0" x="120.0" y="189.2545810997476"></omgdc:Bounds>
      </bpmndi:BPMNShape>
      <bpmndi:BPMNShape bpmnElement="sid-105A78A5-804A-4997-8C02-05FAC02471B9" id="BPMNShape_sid-105A78A5-804A-4997-8C02-05FAC02471B9">
        <omgdc:Bounds height="80.0" width="100.0" x="330.0" y="224.44889454138226"></omgdc:Bounds>
      </bpmndi:BPMNShape>
      <bpmndi:BPMNShape bpmnElement="sid-25CDC5CE-0EB2-4C66-B368-8CDE64283CE6" id="BPMNShape_sid-25CDC5CE-0EB2-4C66-B368-8CDE64283CE6">
        <omgdc:Bounds height="40.0" width="40.0" x="495.0" y="244.44889454138226"></omgdc:Bounds>
      </bpmndi:BPMNShape>
      <bpmndi:BPMNShape bpmnElement="sid-8AAC65AA-E0A1-49C2-B447-32B6982A6C8C" id="BPMNShape_sid-8AAC65AA-E0A1-49C2-B447-32B6982A6C8C">
        <omgdc:Bounds height="131.35679201698287" width="749.0" x="120.0" y="339.64320798301696"></omgdc:Bounds>
      </bpmndi:BPMNShape>
      <bpmndi:BPMNShape bpmnElement="sid-237D4C0F-DE9E-4A59-BFE2-DC712C43E21F" id="BPMNShape_sid-237D4C0F-DE9E-4A59-BFE2-DC712C43E21F">
        <omgdc:Bounds height="80.0" width="100.0" x="465.0" y="370.0"></omgdc:Bounds>
      </bpmndi:BPMNShape>
      <bpmndi:BPMNShape bpmnElement="sid-6CFB50BF-5CB0-4B42-A044-9A5EEDEF939B" id="BPMNShape_sid-6CFB50BF-5CB0-4B42-A044-9A5EEDEF939B">
        <omgdc:Bounds height="40.0" width="40.0" x="606.0" y="390.0"></omgdc:Bounds>
      </bpmndi:BPMNShape>
      <bpmndi:BPMNEdge bpmnElement="sid-FC1AE638-35CF-4A17-83B0-24D4B1161714" id="BPMNEdge_sid-FC1AE638-35CF-4A17-83B0-24D4B1161714">
        <omgdi:waypoint x="515.434279298869" y="284.0146152425133"></omgdi:waypoint>
        <omgdi:waypoint x="515.1378824376193" y="370.0"></omgdi:waypoint>
      </bpmndi:BPMNEdge>
      <bpmndi:BPMNEdge bpmnElement="sid-872F7FEC-D4BA-4F07-ABF5-417B78101BB2" id="BPMNEdge_sid-872F7FEC-D4BA-4F07-ABF5-417B78101BB2">
        <omgdi:waypoint x="565.0" y="410.2242152466368"></omgdi:waypoint>
        <omgdi:waypoint x="606.4099099099099" y="410.4099099099099"></omgdi:waypoint>
      </bpmndi:BPMNEdge>
      <bpmndi:BPMNEdge bpmnElement="sid-3D794ABC-B89F-41D9-A912-30CC9A8341D3" id="BPMNEdge_sid-3D794ABC-B89F-41D9-A912-30CC9A8341D3">
        <omgdi:waypoint x="515.4321212929465" y="244.8810158343287"></omgdi:waypoint>
        <omgdi:waypoint x="515.1352982206928" y="157.1272905498738"></omgdi:waypoint>
      </bpmndi:BPMNEdge>
      <bpmndi:BPMNEdge bpmnElement="sid-6181D9EA-A51A-4340-91E9-6673E9948B43" id="BPMNEdge_sid-6181D9EA-A51A-4340-91E9-6673E9948B43">
        <omgdi:waypoint x="430.0" y="264.63339638640076"></omgdi:waypoint>
        <omgdi:waypoint x="495.4259259259259" y="264.8748204673082"></omgdi:waypoint>
      </bpmndi:BPMNEdge>
      <bpmndi:BPMNEdge bpmnElement="sid-716B6B21-316E-49C9-AA0B-ED99EFA96CF5" id="BPMNEdge_sid-716B6B21-316E-49C9-AA0B-ED99EFA96CF5">
        <omgdi:waypoint x="310.0" y="117.1272905498738"></omgdi:waypoint>
        <omgdi:waypoint x="380.0" y="117.1272905498738"></omgdi:waypoint>
        <omgdi:waypoint x="380.0" y="224.44889454138226"></omgdi:waypoint>
      </bpmndi:BPMNEdge>
      <bpmndi:BPMNEdge bpmnElement="sid-571B2169-8909-497B-A239-12D65FDAE417" id="BPMNEdge_sid-571B2169-8909-497B-A239-12D65FDAE417">
        <omgdi:waypoint x="180.0" y="117.1272905498738"></omgdi:waypoint>
        <omgdi:waypoint x="210.0" y="117.1272905498738"></omgdi:waypoint>
      </bpmndi:BPMNEdge>
      <bpmndi:BPMNEdge bpmnElement="sid-A8B1AFBB-12AF-4B3B-9E2C-4B1D6018AD24" id="BPMNEdge_sid-A8B1AFBB-12AF-4B3B-9E2C-4B1D6018AD24">
        <omgdi:waypoint x="465.0" y="117.1272905498738"></omgdi:waypoint>
        <omgdi:waypoint x="380.0" y="117.1272905498738"></omgdi:waypoint>
        <omgdi:waypoint x="380.0" y="224.44889454138226"></omgdi:waypoint>
      </bpmndi:BPMNEdge>
      <bpmndi:BPMNEdge bpmnElement="sid-7D7C774A-3A53-4F07-94BC-AB7B0A7E2354" id="BPMNEdge_sid-7D7C774A-3A53-4F07-94BC-AB7B0A7E2354">
        <omgdi:waypoint x="775.0" y="117.1272905498738"></omgdi:waypoint>
        <omgdi:waypoint x="825.0" y="117.1272905498738"></omgdi:waypoint>
      </bpmndi:BPMNEdge>
      <bpmndi:BPMNEdge bpmnElement="sid-0B3D2A18-B4AA-4106-B1C4-EA9D0498005A" id="BPMNEdge_sid-0B3D2A18-B4AA-4106-B1C4-EA9D0498005A">
        <omgdi:waypoint x="645.5" y="410.5"></omgdi:waypoint>
        <omgdi:waypoint x="725.0" y="410.5"></omgdi:waypoint>
        <omgdi:waypoint x="725.0" y="157.1272905498738"></omgdi:waypoint>
      </bpmndi:BPMNEdge>
      <bpmndi:BPMNEdge bpmnElement="sid-0F74AA95-1B97-4775-A1F0-B0B00E0B1D0D" id="BPMNEdge_sid-0F74AA95-1B97-4775-A1F0-B0B00E0B1D0D">
        <omgdi:waypoint x="626.5" y="390.5"></omgdi:waypoint>
        <omgdi:waypoint x="626.5" y="117.1272905498738"></omgdi:waypoint>
        <omgdi:waypoint x="565.0" y="117.1272905498738"></omgdi:waypoint>
      </bpmndi:BPMNEdge>
    </bpmndi:BPMNPlane>
  </bpmndi:BPMNDiagram>
</definitions>