<?xml version="1.0" encoding="UTF-8"?>
<definitions xmlns="http://www.omg.org/spec/BPMN/20100524/MODEL" xmlns:xsi="http://www.w3.org/2001/XMLSchema-instance" xmlns:xsd="http://www.w3.org/2001/XMLSchema" xmlns:activiti="http://activiti.org/bpmn" xmlns:bpmndi="http://www.omg.org/spec/BPMN/20100524/DI" xmlns:omgdc="http://www.omg.org/spec/DD/20100524/DC" xmlns:omgdi="http://www.omg.org/spec/DD/20100524/DI" typeLanguage="http://www.w3.org/2001/XMLSchema" expressionLanguage="http://www.w3.org/1999/XPath" targetNamespace="http://www.activiti.org/processdef">
  <process id="BusinessRuleTaskProcess" name="业务规则任务示例流程" isExecutable="true">
    <startEvent id="startEvent1"></startEvent>
    <userTask id="userTask1" name="提交订单"></userTask>
    <!-- 定义业务规则任务 -->
    <businessRuleTask id="businessRuleTask1" name="折扣策略计算" activiti:ruleVariablesInput="${myCostCalculation}" activiti:rules="rule1,rule2,rule3" activiti:resultVariable="costCalculationResults"></businessRuleTask>
    <!-- 定义服务任务 -->
    <serviceTask id="serviceTask1" name="结算扣款" activiti:class="com.bpm.example.businessruletask.demo.delegate.DeductionJavaDelegate"></serviceTask>
    <endEvent id="endEvent1"></endEvent>
    <sequenceFlow id="sequenceFlow1" sourceRef="startEvent1" targetRef="userTask1"></sequenceFlow>
    <sequenceFlow id="sequenceFlow2" sourceRef="userTask1" targetRef="businessRuleTask1"></sequenceFlow>
    <sequenceFlow id="sequenceFlow3" sourceRef="businessRuleTask1" targetRef="serviceTask1"></sequenceFlow>
    <sequenceFlow id="sequenceFlow4" sourceRef="serviceTask1" targetRef="endEvent1"></sequenceFlow>
  </process>
  <bpmndi:BPMNDiagram id="BPMNDiagram_BusinessRuleTaskProcess">
    <bpmndi:BPMNPlane bpmnElement="BusinessRuleTaskProcess" id="BPMNPlane_BusinessRuleTaskProcess">
      <bpmndi:BPMNShape bpmnElement="startEvent1" id="BPMNShape_startEvent1">
        <omgdc:Bounds height="30.0" width="30.0" x="90.0" y="163.0"></omgdc:Bounds>
      </bpmndi:BPMNShape>
      <bpmndi:BPMNShape bpmnElement="businessRuleTask1" id="BPMNShape_businessRuleTask1">
        <omgdc:Bounds height="80.0" width="100.0" x="345.0" y="138.0"></omgdc:Bounds>
      </bpmndi:BPMNShape>
      <bpmndi:BPMNShape bpmnElement="serviceTask1" id="BPMNShape_serviceTask1">
        <omgdc:Bounds height="80.0" width="100.0" x="510.0" y="138.0"></omgdc:Bounds>
      </bpmndi:BPMNShape>
      <bpmndi:BPMNShape bpmnElement="endEvent1" id="BPMNShape_endEvent1">
        <omgdc:Bounds height="28.0" width="28.0" x="675.0" y="164.0"></omgdc:Bounds>
      </bpmndi:BPMNShape>
      <bpmndi:BPMNShape bpmnElement="userTask1" id="BPMNShape_userTask1">
        <omgdc:Bounds height="80.0" width="100.0" x="180.0" y="138.0"></omgdc:Bounds>
      </bpmndi:BPMNShape>
      <bpmndi:BPMNEdge bpmnElement="sequenceFlow3" id="BPMNEdge_sequenceFlow3">
        <omgdi:waypoint x="445.0" y="178.0"></omgdi:waypoint>
        <omgdi:waypoint x="510.0" y="178.0"></omgdi:waypoint>
      </bpmndi:BPMNEdge>
      <bpmndi:BPMNEdge bpmnElement="sequenceFlow4" id="BPMNEdge_sequenceFlow4">
        <omgdi:waypoint x="610.0" y="178.0"></omgdi:waypoint>
        <omgdi:waypoint x="675.0" y="178.0"></omgdi:waypoint>
      </bpmndi:BPMNEdge>
      <bpmndi:BPMNEdge bpmnElement="sequenceFlow1" id="BPMNEdge_sequenceFlow1">
        <omgdi:waypoint x="120.0" y="178.0"></omgdi:waypoint>
        <omgdi:waypoint x="180.0" y="178.0"></omgdi:waypoint>
      </bpmndi:BPMNEdge>
      <bpmndi:BPMNEdge bpmnElement="sequenceFlow2" id="BPMNEdge_sequenceFlow2">
        <omgdi:waypoint x="280.0" y="178.0"></omgdi:waypoint>
        <omgdi:waypoint x="345.0" y="178.0"></omgdi:waypoint>
      </bpmndi:BPMNEdge>
    </bpmndi:BPMNPlane>
  </bpmndi:BPMNDiagram>
</definitions>