<?xml version='1.0' encoding='UTF-8'?>
<definitions xmlns="http://www.omg.org/spec/BPMN/20100524/MODEL" xmlns:xsi="http://www.w3.org/2001/XMLSchema-instance" xmlns:xsd="http://www.w3.org/2001/XMLSchema" xmlns:activiti="http://activiti.org/bpmn" xmlns:bpmndi="http://www.omg.org/spec/BPMN/20100524/DI" xmlns:omgdc="http://www.omg.org/spec/DD/20100524/DC" xmlns:omgdi="http://www.omg.org/spec/DD/20100524/DI" typeLanguage="http://www.w3.org/2001/XMLSchema" expressionLanguage="http://www.w3.org/1999/XPath" targetNamespace="http://www.activiti.org/processdef">
  <process id="ServiceTaskStringFieldInjectedProcess" name="服务任务示例流程" isExecutable="true">
    <startEvent id="startEvent1"/>
    <serviceTask id="serviceTask1" name="计算采购总价" activiti:class="com.bpm.example.servicetask.demo1.delegate.CalculationStringFieldInjectedJavaDelegate">
      <extensionElements>
        <activiti:field name="unitPrice" stringValue="100.00" />
        <activiti:field name="quantity" stringValue="10" />
        <activiti:field name="description">
          <activiti:string>这是一段比较长的描述信息</activiti:string>
        </activiti:field>
      </extensionElements>
    </serviceTask>
    <endEvent id="endEvent1">
    </endEvent>
    <sequenceFlow id="sequenceFlow1" sourceRef="startEvent1" targetRef="serviceTask1"/>
    <sequenceFlow id="sequenceFlow2" sourceRef="serviceTask1" targetRef="endEvent1"/>
  </process>
  <bpmndi:BPMNDiagram id="BPMNDiagram_ServiceTaskStringFieldInjectedProcess">
    <bpmndi:BPMNPlane bpmnElement="ServiceTaskStringFieldInjectedProcess" id="BPMNPlane_ServiceTaskStringFieldInjectedProcess">
      <bpmndi:BPMNShape bpmnElement="startEvent1" id="BPMNShape_startEvent1">
        <omgdc:Bounds height="30.0" width="30.0" x="75.0" y="75.0"/>
      </bpmndi:BPMNShape>
      <bpmndi:BPMNShape bpmnElement="serviceTask1" id="BPMNShape_serviceTask1">
        <omgdc:Bounds height="80.0" width="100.0" x="180.0" y="50.0"/>
      </bpmndi:BPMNShape>
      <bpmndi:BPMNShape bpmnElement="endEvent1" id="BPMNShape_endEvent1">
        <omgdc:Bounds height="28.0" width="28.0" x="360.0" y="76.0"/>
      </bpmndi:BPMNShape>
      <bpmndi:BPMNEdge bpmnElement="sequenceFlow2" id="BPMNEdge_sequenceFlow2">
        <omgdi:waypoint x="280.0" y="90.0"/>
        <omgdi:waypoint x="360.0" y="90.0"/>
      </bpmndi:BPMNEdge>
      <bpmndi:BPMNEdge bpmnElement="sequenceFlow1" id="BPMNEdge_sequenceFlow1">
        <omgdi:waypoint x="105.0" y="90.0"/>
        <omgdi:waypoint x="180.0" y="90.0"/>
      </bpmndi:BPMNEdge>
    </bpmndi:BPMNPlane>
  </bpmndi:BPMNDiagram>
</definitions>