<?xml version="1.0" encoding="UTF-8"?>
<definitions xmlns="http://www.omg.org/spec/BPMN/20100524/MODEL" xmlns:xsi="http://www.w3.org/2001/XMLSchema-instance" xmlns:xsd="http://www.w3.org/2001/XMLSchema" xmlns:activiti="http://activiti.org/bpmn" xmlns:bpmndi="http://www.omg.org/spec/BPMN/20100524/DI" xmlns:omgdc="http://www.omg.org/spec/DD/20100524/DC" xmlns:omgdi="http://www.omg.org/spec/DD/20100524/DI" typeLanguage="http://www.w3.org/2001/XMLSchema" expressionLanguage="http://www.w3.org/1999/XPath" targetNamespace="http://www.activiti.org/processdef">
  <process id="ServiceTaskThrowsExceptionProcess" name="服务任务示例流程4" isExecutable="true">
    <startEvent id="startEvent1"></startEvent>
    <userTask id="userTask1" name="领用申请"></userTask>
    <serviceTask id="serviceTask1" name="库存检查" activiti:class="com.bpm.example.servicetask.demo4.delegate.InventoryCheckingActivityBehavior"></serviceTask>
    <userTask id="userTask2" name="物品发放"></userTask>
    <userTask id="userTask3" name="缺货上报"></userTask>
    <endEvent id="endEvent1"></endEvent>
    <sequenceFlow id="sequenceFlow1" sourceRef="startEvent1" targetRef="userTask1"></sequenceFlow>
    <sequenceFlow id="sequenceFlow2" sourceRef="userTask1" targetRef="serviceTask1"></sequenceFlow>
    <sequenceFlow id="sequenceFlow3" sourceRef="userTask2" targetRef="endEvent1"></sequenceFlow>
    <sequenceFlow id="sequenceFlow4" sourceRef="userTask3" targetRef="endEvent1"></sequenceFlow>
    <sequenceFlow id="noExceptionSequenceFlow" name="库存充足" sourceRef="serviceTask1" targetRef="userTask2"></sequenceFlow>
    <sequenceFlow id="exceptionSequenceFlow" name="  库存不足" sourceRef="serviceTask1" targetRef="userTask3"></sequenceFlow>
  </process>
  <bpmndi:BPMNDiagram id="BPMNDiagram_ServiceTaskThrowsExceptionProcess">
    <bpmndi:BPMNPlane bpmnElement="ServiceTaskThrowsExceptionProcess" id="BPMNPlane_ServiceTaskThrowsExceptionProcess">
      <bpmndi:BPMNShape bpmnElement="startEvent1" id="BPMNShape_startEvent1">
        <omgdc:Bounds height="30.0" width="30.0" x="60.0" y="120.0"></omgdc:Bounds>
      </bpmndi:BPMNShape>
      <bpmndi:BPMNShape bpmnElement="userTask1" id="BPMNShape_userTask1">
        <omgdc:Bounds height="80.0" width="100.0" x="135.0" y="95.0"></omgdc:Bounds>
      </bpmndi:BPMNShape>
      <bpmndi:BPMNShape bpmnElement="serviceTask1" id="BPMNShape_serviceTask1">
        <omgdc:Bounds height="80.0" width="100.0" x="285.0" y="95.0"></omgdc:Bounds>
      </bpmndi:BPMNShape>
      <bpmndi:BPMNShape bpmnElement="userTask2" id="BPMNShape_userTask2">
        <omgdc:Bounds height="80.0" width="100.0" x="480.0" y="27.5"></omgdc:Bounds>
      </bpmndi:BPMNShape>
      <bpmndi:BPMNShape bpmnElement="userTask3" id="BPMNShape_userTask3">
        <omgdc:Bounds height="80.0" width="100.0" x="480.0" y="150.0"></omgdc:Bounds>
      </bpmndi:BPMNShape>
      <bpmndi:BPMNShape bpmnElement="endEvent1" id="BPMNShape_endEvent1">
        <omgdc:Bounds height="28.0" width="28.0" x="630.0" y="118.5"></omgdc:Bounds>
      </bpmndi:BPMNShape>
      <bpmndi:BPMNEdge bpmnElement="noExceptionSequenceFlow" id="BPMNEdge_noExceptionSequenceFlow">
        <omgdi:waypoint x="385.0" y="153.83561643835617"></omgdi:waypoint>
        <omgdi:waypoint x="480.0" y="189.62328767123287"></omgdi:waypoint>
      </bpmndi:BPMNEdge>
      <bpmndi:BPMNEdge bpmnElement="sequenceFlow3" id="BPMNEdge_sequenceFlow3">
        <omgdi:waypoint x="580.0" y="67.5"></omgdi:waypoint>
        <omgdi:waypoint x="644.0" y="67.5"></omgdi:waypoint>
        <omgdi:waypoint x="644.0" y="118.5"></omgdi:waypoint>
      </bpmndi:BPMNEdge>
      <bpmndi:BPMNEdge bpmnElement="sequenceFlow4" id="BPMNEdge_sequenceFlow4">
        <omgdi:waypoint x="580.0" y="190.0"></omgdi:waypoint>
        <omgdi:waypoint x="644.0" y="190.0"></omgdi:waypoint>
        <omgdi:waypoint x="644.0" y="146.5"></omgdi:waypoint>
      </bpmndi:BPMNEdge>
      <bpmndi:BPMNEdge bpmnElement="sequenceFlow1" id="BPMNEdge_sequenceFlow1">
        <omgdi:waypoint x="90.0" y="135.0"></omgdi:waypoint>
        <omgdi:waypoint x="135.0" y="135.0"></omgdi:waypoint>
      </bpmndi:BPMNEdge>
      <bpmndi:BPMNEdge bpmnElement="sequenceFlow2" id="BPMNEdge_sequenceFlow2">
        <omgdi:waypoint x="235.0" y="135.0"></omgdi:waypoint>
        <omgdi:waypoint x="285.0" y="135.0"></omgdi:waypoint>
      </bpmndi:BPMNEdge>
      <bpmndi:BPMNEdge bpmnElement="exceptionSequenceFlow" id="BPMNEdge_exceptionSequenceFlow">
        <omgdi:waypoint x="385.0" y="117.47047970479706"></omgdi:waypoint>
        <omgdi:waypoint x="480.0" y="68.02052583025832"></omgdi:waypoint>
      </bpmndi:BPMNEdge>
    </bpmndi:BPMNPlane>
  </bpmndi:BPMNDiagram>
</definitions>