<?xml version="1.0" encoding="UTF-8"?>
<configuration>
    <include resource="org/springframework/boot/logging/logback/base.xml"/>
    <!--日志文件的存储地址-->
    <property name="LOG_HOME" value="/tmp" />
    <!-- 控制台输出 -->
    <appender name="console" class="ch.qos.logback.core.ConsoleAppender">
        <encoder class="ch.qos.logback.classic.encoder.PatternLayoutEncoder">
            <pattern>[%thread] %-5level %logger{50} - %msg%n</pattern>
        </encoder>
    </appender>
    <!-- 按照每天生成日志文件 -->
    <appender name="fileLog"  class="ch.qos.logback.core.rolling.RollingFileAppender">
        <file>${LOG_HOME}/bpm.log</file>
        <!--历史日志文件策略-->
        <rollingPolicy class="ch.qos.logback.core.rolling.TimeBasedRollingPolicy">
            <FileNamePattern>${LOG_HOME}/bpm.%d{yyyy-MM-dd}.log</FileNamePattern>
            <MaxHistory>15</MaxHistory>
        </rollingPolicy>
        <encoder class="ch.qos.logback.classic.encoder.PatternLayoutEncoder">
            <pattern>[%thread] %-5level %logger{50} - %msg%n</pattern>
        </encoder>
    </appender>

    <logger name="org.springframework.web" level="DEBUG"/>
    <logger name="org.activiti" level="DEBUG"/>
    <logger name="com.example" level="debug"/>
    <logger name="com.apache.ibatis" level="DEBUG"/>
    <logger name="java.sql.Connection" level="DEBUG"/>
    <logger name="java.sql.Statement" level="DEBUG"/>
    <logger name="java.sql.PreparedStatement" level="DEBUG"/>

    <!-- 日志输出级别 -->
    <root level="ERROR">
        <appender-ref ref="console" />
        <appender-ref ref="fileLog" />
    </root>

</configuration>