<?xml version='1.0' encoding='UTF-8'?>
<definitions xmlns="http://www.omg.org/spec/BPMN/20100524/MODEL" xmlns:xsi="http://www.w3.org/2001/XMLSchema-instance" xmlns:xsd="http://www.w3.org/2001/XMLSchema" xmlns:activiti="http://activiti.org/bpmn" xmlns:bpmndi="http://www.omg.org/spec/BPMN/20100524/DI" xmlns:omgdc="http://www.omg.org/spec/DD/20100524/DC" xmlns:omgdi="http://www.omg.org/spec/DD/20100524/DI" typeLanguage="http://www.w3.org/2001/XMLSchema" expressionLanguage="http://www.w3.org/1999/XPath" targetNamespace="http://www.activiti.org/processdef">
  <process id="ExecutionListenerProcess" name="执行监听器示例流程" isExecutable="true">
    <extensionElements>
      <!--  通过expression属性配置监听器  -->
      <activiti:executionListener event="start" expression="${myProcessExecutionListenerBean.printInfo(execution)}"/>
      <!--  通过expression属性配置监听器  -->
      <activiti:executionListener event="end" expression="${myProcessExecutionListenerBean.printInfo(execution)}"/>
    </extensionElements>
    <startEvent id="startEvent">
      <extensionElements>
        <!--  通过脚本配置监听器  -->
        <activiti:executionListener event="start" class="org.activiti.engine.impl.bpmn.listener.ScriptExecutionListener">
          <activiti:field name="script">
            <activiti:string>
              def activityId = execution.getCurrentFlowElement().getId();
              def eventName = execution.getEventName();
              println("通过脚本指定的监听器：Id为" + activityId + "的开始事件的" + eventName + "事件触发");
              return activityId + "_" + eventName;
            </activiti:string>
          </activiti:field>
          <activiti:field name="language" stringValue="groovy"/>
          <activiti:field name="resultVariable" stringValue="nodeEvent1"/>
        </activiti:executionListener>
        <!--  通过脚本配置监听器  -->
        <activiti:executionListener event="end" class="org.activiti.engine.impl.bpmn.listener.ScriptExecutionListener">
          <activiti:field name="script">
            <activiti:string>
              def activityId = execution.getCurrentFlowElement().getId();
              def eventName = execution.getEventName();
              println("通过脚本指定的监听器：Id为" + activityId + "的开始事件的" + eventName + "事件触发");
              return activityId + "_" + eventName;
            </activiti:string>
          </activiti:field>
          <activiti:field name="language" stringValue="groovy"/>
          <activiti:field name="resultVariable" stringValue="nodeEvent2"/>
        </activiti:executionListener>
      </extensionElements>
    </startEvent>
    <userTask id="userTask" name="数据上报">
      <extensionElements>
        <!--  通过class属性配置监听器 -->
        <activiti:executionListener event="start" class="com.bpm.example.executionlistener.demo.listener.MyUserTaskExecutionListener">
          <activiti:field name="fixedValue" stringValue="这是userTask的start事件注入的固定值" />
          <activiti:field name="dynamicValue" expression="${nowTime1}" />
        </activiti:executionListener>
        <!--  通过delegateExpression属性配置监听器  -->
        <activiti:executionListener event="end" delegateExpression="${myUserTaskExecutionListenerBean}">
          <activiti:field name="fixedValue" stringValue="这是userTask的end事件注入的固定值" />
          <activiti:field name="dynamicValue" expression="${nowTime2}" />
        </activiti:executionListener>
      </extensionElements>
    </userTask>
    <endEvent id="endEvent">
      <extensionElements>
        <!--  通过脚本配置监听器  -->
        <activiti:executionListener event="start" class="org.activiti.engine.impl.bpmn.listener.ScriptExecutionListener">
          <activiti:field name="script">
            <activiti:string>
              def activityId = execution.getCurrentFlowElement().getId();
              def eventName = execution.getEventName();
              println("通过脚本指定的监听器：Id为" + activityId + "的结束事件的" + eventName + "事件触发");
              return activityId + "_" + eventName;
            </activiti:string>
          </activiti:field>
          <activiti:field name="language" stringValue="groovy"/>
          <activiti:field name="resultVariable" stringValue="nodeEvent3"/>
        </activiti:executionListener>
        <!--  通过脚本配置监听器  -->
        <activiti:executionListener event="end" class="org.activiti.engine.impl.bpmn.listener.ScriptExecutionListener">
          <activiti:field name="script">
            <activiti:string>
              def activityId = execution.getCurrentFlowElement().getId();
              def eventName = execution.getEventName();
              println("通过脚本指定的监听器：Id为"  + activityId + "的结束事件的" + eventName + "事件触发");
              return activityId + "_" + eventName;
            </activiti:string>
          </activiti:field>
          <activiti:field name="language" stringValue="groovy"/>
          <activiti:field name="resultVariable" stringValue="nodeEvent4"/>
        </activiti:executionListener>
      </extensionElements>
    </endEvent>
    <sequenceFlow id="sequenceFlow1" sourceRef="startEvent" targetRef="userTask">
      <extensionElements>
        <!--  通过class属性配置监听器  -->
        <activiti:executionListener event="start" class="com.bpm.example.executionlistener.demo.listener.MySequenceFlowExecutionListener"/>
        <activiti:executionListener event="take" class="com.bpm.example.executionlistener.demo.listener.MySequenceFlowExecutionListener"/>
        <activiti:executionListener event="end" class="com.bpm.example.executionlistener.demo.listener.MySequenceFlowExecutionListener"/>
      </extensionElements>
    </sequenceFlow>
    <sequenceFlow id="sequenceFlow2" sourceRef="userTask" targetRef="endEvent">
      <extensionElements>
        <!--  通过delegateExpression属性配置监听器  -->
        <activiti:executionListener event="start" delegateExpression="${mySequenceFlowExecutionListenerBean}"/>
        <activiti:executionListener event="take" delegateExpression="${mySequenceFlowExecutionListenerBean}"/>
        <activiti:executionListener event="end" delegateExpression="${mySequenceFlowExecutionListenerBean}"/>
      </extensionElements>
    </sequenceFlow>
  </process>
  <bpmndi:BPMNDiagram id="BPMNDiagram_ExecutionListenerProcess">
    <bpmndi:BPMNPlane bpmnElement="ExecutionListenerProcess" id="BPMNPlane_ExecutionListenerProcess">
      <bpmndi:BPMNShape bpmnElement="startEvent" id="BPMNShape_startEvent">
        <omgdc:Bounds height="30.0" width="30.0" x="105.0" y="105.0"/>
      </bpmndi:BPMNShape>
      <bpmndi:BPMNShape bpmnElement="userTask" id="BPMNShape_userTask">
        <omgdc:Bounds height="80.0" width="100.0" x="255.0" y="80.0"/>
      </bpmndi:BPMNShape>
      <bpmndi:BPMNShape bpmnElement="endEvent" id="BPMNShape_endEvent">
        <omgdc:Bounds height="28.0" width="28.0" x="480.0" y="106.0"/>
      </bpmndi:BPMNShape>
      <bpmndi:BPMNEdge bpmnElement="sequenceFlow1" id="BPMNEdge_sequenceFlow1">
        <omgdi:waypoint x="135.0" y="120.0"/>
        <omgdi:waypoint x="255.0" y="120.0"/>
      </bpmndi:BPMNEdge>
      <bpmndi:BPMNEdge bpmnElement="sequenceFlow2" id="BPMNEdge_sequenceFlow2">
        <omgdi:waypoint x="355.0" y="120.0"/>
        <omgdi:waypoint x="480.0" y="120.0"/>
      </bpmndi:BPMNEdge>
    </bpmndi:BPMNPlane>
  </bpmndi:BPMNDiagram>
</definitions>