<?xml version='1.0' encoding='UTF-8'?>
<definitions xmlns="http://www.omg.org/spec/BPMN/20100524/MODEL" xmlns:xsi="http://www.w3.org/2001/XMLSchema-instance" xmlns:xsd="http://www.w3.org/2001/XMLSchema" xmlns:activiti="http://activiti.org/bpmn" xmlns:bpmndi="http://www.omg.org/spec/BPMN/20100524/DI" xmlns:omgdc="http://www.omg.org/spec/DD/20100524/DC" xmlns:omgdi="http://www.omg.org/spec/DD/20100524/DI" typeLanguage="http://www.w3.org/2001/XMLSchema" expressionLanguage="http://www.w3.org/1999/XPath" targetNamespace="http://www.activiti.org/processdef">
  <process id="TaskListenerProcess" name="任务监听器示例流程" isExecutable="true">
    <startEvent id="startEvent1"/>
    <userTask id="userTask1" name="数据上报" activiti:assignee="liuxiaopeng">
      <extensionElements>
        <!--  通过class属性配置监听器  -->
        <activiti:taskListener event="create" class="com.bpm.example.tasklistener.demo.listener.MyTaskListener1" />
        <!--  通过expression属性配置监听器  -->
        <activiti:taskListener event="assignment" expression="${myTaskListenerBean.printInfo(task)}"/>
        <!--  通过delegateExpression属性配置监听器  -->
        <activiti:taskListener event="complete" delegateExpression="${myTaskListener2}"/>
        <!--  通过脚本配置监听器  -->
        <activiti:taskListener event="delete" class="org.activiti.engine.impl.bpmn.listener.ScriptTaskListener">
          <activiti:field name="script">
            <activiti:string>
              def taskDefinitionKey = task.getTaskDefinitionKey();
              def eventName = task.getEventName();
              println("通过脚本指定的监听器：Id为" + taskDefinitionKey + "的用户任务的" + eventName + "事件触发");
              return taskDefinitionKey + "_" + eventName;
            </activiti:string>
          </activiti:field>
          <activiti:field name="language" stringValue="groovy"/>
          <activiti:field name="resultVariable" stringValue="nodeEvent"/>
        </activiti:taskListener>
      </extensionElements>
    </userTask>
    <sequenceFlow id="sequenceFlow1" sourceRef="startEvent1" targetRef="userTask1"/>
    <endEvent id="endEvent1"></endEvent>
    <sequenceFlow id="sequenceFlow2" sourceRef="userTask1" targetRef="endEvent1"/>
  </process>
  <bpmndi:BPMNDiagram id="BPMNDiagram_TaskListenerProcess">
    <bpmndi:BPMNPlane bpmnElement="TaskListenerProcess" id="BPMNPlane_TaskListenerProcess">
      <bpmndi:BPMNShape bpmnElement="startEvent1" id="BPMNShape_startEvent1">
        <omgdc:Bounds height="30.0" width="30.0" x="60.0" y="105.0"/>
      </bpmndi:BPMNShape>
      <bpmndi:BPMNShape bpmnElement="userTask1" id="BPMNShape_userTask1">
        <omgdc:Bounds height="80.0" width="100.0" x="210.0" y="80.0"/>
      </bpmndi:BPMNShape>
      <bpmndi:BPMNShape bpmnElement="endEvent1" id="BPMNShape_endEvent1">
        <omgdc:Bounds height="28.0" width="28.0" x="420.0" y="106.0"/>
      </bpmndi:BPMNShape>
      <bpmndi:BPMNEdge bpmnElement="sequenceFlow2" id="BPMNEdge_sequenceFlow2">
        <omgdi:waypoint x="310.0" y="120.0"/>
        <omgdi:waypoint x="420.0" y="120.0"/>
      </bpmndi:BPMNEdge>
      <bpmndi:BPMNEdge bpmnElement="sequenceFlow1" id="BPMNEdge_sequenceFlow1">
        <omgdi:waypoint x="90.0" y="120.0"/>
        <omgdi:waypoint x="210.0" y="120.0"/>
      </bpmndi:BPMNEdge>
    </bpmndi:BPMNPlane>
  </bpmndi:BPMNDiagram>
</definitions>