<?xml version='1.0' encoding='UTF-8'?>
<definitions xmlns="http://www.omg.org/spec/BPMN/20100524/MODEL" xmlns:xsi="http://www.w3.org/2001/XMLSchema-instance" xmlns:xsd="http://www.w3.org/2001/XMLSchema" xmlns:activiti="http://activiti.org/bpmn" xmlns:bpmndi="http://www.omg.org/spec/BPMN/20100524/DI" xmlns:omgdc="http://www.omg.org/spec/DD/20100524/DC" xmlns:omgdi="http://www.omg.org/spec/DD/20100524/DI" typeLanguage="http://www.w3.org/2001/XMLSchema" expressionLanguage="http://www.w3.org/1999/XPath" targetNamespace="http://www.activiti.org/processdef">
  <process id="RestCallTaskProcess" name="RestCallTaskProcess" isExecutable="true">
    <startEvent id="startEvent1"/>
    <userTask id="userTask1" name="提交数据"/>
    <serviceTask id="serviceTask1" name="获取Ip信息" activiti:type="rest">
      <extensionElements>
        <activiti:field name="requestMethod" stringValue="POST"/>
        <activiti:field name="requestUrl">
          <activiti:expression><![CDATA[http://ip-api.com/json/${ip}?lang=zh-CN&bridgeEndpoint=true]]></activiti:expression>
        </activiti:field>
        <activiti:field name="requestHeaders">
          <activiti:string><![CDATA[{"token":"1234","username":"hebo"}]]></activiti:string>
        </activiti:field>
        <activiti:field name="requestBody" expression="{'ip':'${ip}'}"/>
        <activiti:field name="ignoreException" stringValue="true"/>
        <activiti:field name="saveResponseParameters" stringValue="true"/>
        <activiti:field name="responseVariableName" stringValue="result"/>
      </extensionElements>
    </serviceTask>
    <sequenceFlow id="sequenceFlow1" sourceRef="startEvent1" targetRef="userTask1"/>
    <sequenceFlow id="sequenceFlow2" sourceRef="userTask1" targetRef="serviceTask1"/>
    <sequenceFlow id="sequenceFlow3" sourceRef="serviceTask1" targetRef="endEvent1"/>
    <endEvent id="endEvent1"/>
  </process>
  <bpmndi:BPMNDiagram id="BPMNDiagram_RestCallTaskProcess">
    <bpmndi:BPMNPlane bpmnElement="RestCallTaskProcess" id="BPMNPlane_RestCallTaskProcess">
      <bpmndi:BPMNShape bpmnElement="startEvent1" id="BPMNShape_startEvent1">
        <omgdc:Bounds height="30.0" width="30.0" x="75.0" y="120.0"/>
      </bpmndi:BPMNShape>
      <bpmndi:BPMNShape bpmnElement="serviceTask1" id="BPMNShape_serviceTask1">
        <omgdc:Bounds height="80.0" width="100.0" x="390.0" y="95.0"/>
      </bpmndi:BPMNShape>
      <bpmndi:BPMNShape bpmnElement="userTask1" id="BPMNShape_userTask1">
        <omgdc:Bounds height="80.0" width="100.0" x="195.0" y="95.0"/>
      </bpmndi:BPMNShape>
      <bpmndi:BPMNShape bpmnElement="endEvent1" id="BPMNShape_endEvent1">
        <omgdc:Bounds height="28.0" width="28.0" x="585.0" y="121.0"/>
      </bpmndi:BPMNShape>
      <bpmndi:BPMNEdge bpmnElement="sequenceFlow1" id="BPMNEdge_sequenceFlow1">
        <omgdi:waypoint x="105.0" y="135.0"/>
        <omgdi:waypoint x="195.0" y="135.0"/>
      </bpmndi:BPMNEdge>
      <bpmndi:BPMNEdge bpmnElement="sequenceFlow3" id="BPMNEdge_sequenceFlow3">
        <omgdi:waypoint x="490.0" y="135.0"/>
        <omgdi:waypoint x="585.0" y="135.0"/>
      </bpmndi:BPMNEdge>
      <bpmndi:BPMNEdge bpmnElement="sequenceFlow2" id="BPMNEdge_sequenceFlow2">
        <omgdi:waypoint x="295.0" y="135.0"/>
        <omgdi:waypoint x="390.0" y="135.0"/>
      </bpmndi:BPMNEdge>
    </bpmndi:BPMNPlane>
  </bpmndi:BPMNDiagram>
</definitions>