<?xml version="1.0" encoding="UTF-8"?>
<definitions xmlns="http://www.omg.org/spec/BPMN/20100524/MODEL" xmlns:xsi="http://www.w3.org/2001/XMLSchema-instance" xmlns:xsd="http://www.w3.org/2001/XMLSchema" xmlns:activiti="http://activiti.org/bpmn" xmlns:bpmndi="http://www.omg.org/spec/BPMN/20100524/DI" xmlns:omgdc="http://www.omg.org/spec/DD/20100524/DC" xmlns:omgdi="http://www.omg.org/spec/DD/20100524/DI" typeLanguage="http://www.w3.org/2001/XMLSchema" expressionLanguage="http://www.w3.org/1999/XPath" targetNamespace="http://www.activiti.org/processdef">
  <process id="DynamicJumpProcess" name="特殊借款流程" isExecutable="true">
    <startEvent id="startEvent1"></startEvent>
    <userTask id="firstNode" name="特殊借款申请"></userTask>
    <userTask id="secondNode" name="直属上级审批"></userTask>
    <userTask id="thirdNode" name="财务经理审批"></userTask>
    <userTask id="fourthNode" name="总经理审批"></userTask>
    <endEvent id="endEvent1"></endEvent>
    <sequenceFlow id="sequenceFlow1" sourceRef="startEvent1" targetRef="firstNode"></sequenceFlow>
    <sequenceFlow id="sequenceFlow2" sourceRef="firstNode" targetRef="secondNode"></sequenceFlow>
    <sequenceFlow id="sequenceFlow3" sourceRef="secondNode" targetRef="thirdNode"></sequenceFlow>
    <sequenceFlow id="sequenceFlow4" sourceRef="thirdNode" targetRef="fourthNode"></sequenceFlow>
    <sequenceFlow id="sequenceFlow5" sourceRef="fourthNode" targetRef="endEvent1"></sequenceFlow>
  </process>
  <bpmndi:BPMNDiagram id="BPMNDiagram_DynamicJumpProcess">
    <bpmndi:BPMNPlane bpmnElement="DynamicJumpProcess" id="BPMNPlane_DynamicJumpProcess">
      <bpmndi:BPMNShape bpmnElement="startEvent1" id="BPMNShape_startEvent1">
        <omgdc:Bounds height="30.0" width="30.0" x="105.0" y="163.0"></omgdc:Bounds>
      </bpmndi:BPMNShape>
      <bpmndi:BPMNShape bpmnElement="firstNode" id="BPMNShape_firstNode">
        <omgdc:Bounds height="80.0" width="100.0" x="180.0" y="138.0"></omgdc:Bounds>
      </bpmndi:BPMNShape>
      <bpmndi:BPMNShape bpmnElement="secondNode" id="BPMNShape_secondNode">
        <omgdc:Bounds height="80.0" width="100.0" x="330.0" y="138.0"></omgdc:Bounds>
      </bpmndi:BPMNShape>
      <bpmndi:BPMNShape bpmnElement="thirdNode" id="BPMNShape_thirdNode">
        <omgdc:Bounds height="80.0" width="100.0" x="480.0" y="138.0"></omgdc:Bounds>
      </bpmndi:BPMNShape>
      <bpmndi:BPMNShape bpmnElement="fourthNode" id="BPMNShape_fourthNode">
        <omgdc:Bounds height="80.0" width="100.0" x="630.0" y="138.0"></omgdc:Bounds>
      </bpmndi:BPMNShape>
      <bpmndi:BPMNShape bpmnElement="endEvent1" id="BPMNShape_endEvent1">
        <omgdc:Bounds height="28.0" width="28.0" x="780.0" y="164.0"></omgdc:Bounds>
      </bpmndi:BPMNShape>
      <bpmndi:BPMNEdge bpmnElement="sequenceFlow5" id="BPMNEdge_sequenceFlow5">
        <omgdi:waypoint x="730.0" y="178.0"></omgdi:waypoint>
        <omgdi:waypoint x="780.0" y="178.0"></omgdi:waypoint>
      </bpmndi:BPMNEdge>
      <bpmndi:BPMNEdge bpmnElement="sequenceFlow3" id="BPMNEdge_sequenceFlow3">
        <omgdi:waypoint x="430.0" y="178.0"></omgdi:waypoint>
        <omgdi:waypoint x="480.0" y="178.0"></omgdi:waypoint>
      </bpmndi:BPMNEdge>
      <bpmndi:BPMNEdge bpmnElement="sequenceFlow4" id="BPMNEdge_sequenceFlow4">
        <omgdi:waypoint x="580.0" y="178.0"></omgdi:waypoint>
        <omgdi:waypoint x="630.0" y="178.0"></omgdi:waypoint>
      </bpmndi:BPMNEdge>
      <bpmndi:BPMNEdge bpmnElement="sequenceFlow1" id="BPMNEdge_sequenceFlow1">
        <omgdi:waypoint x="135.0" y="178.0"></omgdi:waypoint>
        <omgdi:waypoint x="180.0" y="178.0"></omgdi:waypoint>
      </bpmndi:BPMNEdge>
      <bpmndi:BPMNEdge bpmnElement="sequenceFlow2" id="BPMNEdge_sequenceFlow2">
        <omgdi:waypoint x="280.0" y="178.0"></omgdi:waypoint>
        <omgdi:waypoint x="330.0" y="178.0"></omgdi:waypoint>
      </bpmndi:BPMNEdge>
    </bpmndi:BPMNPlane>
  </bpmndi:BPMNDiagram>
</definitions>