<?xml version="1.0" encoding="UTF-8"?>
<definitions xmlns="http://www.omg.org/spec/BPMN/20100524/MODEL" xmlns:xsi="http://www.w3.org/2001/XMLSchema-instance" xmlns:xsd="http://www.w3.org/2001/XMLSchema" xmlns:activiti="http://activiti.org/bpmn" xmlns:bpmndi="http://www.omg.org/spec/BPMN/20100524/DI" xmlns:omgdc="http://www.omg.org/spec/DD/20100524/DC" xmlns:omgdi="http://www.omg.org/spec/DD/20100524/DI" typeLanguage="http://www.w3.org/2001/XMLSchema" expressionLanguage="http://www.w3.org/1999/XPath" targetNamespace="http://www.activiti.org/processdef">
  <process id="InjectUserTaskProcess" name="动态增加用户任务示例" isExecutable="true">
    <startEvent id="startEvent1"></startEvent>
    <userTask id="userTask1" name="借款申请"></userTask>
    <userTask id="userTask2" name="财务经理审批"></userTask>
    <userTask id="userTask3" name="总经理审批"></userTask>
    <endEvent id="endEvent1"></endEvent>
    <sequenceFlow id="sequenceFlow1" sourceRef="startEvent1" targetRef="userTask1"></sequenceFlow>
    <sequenceFlow id="sequenceFlow2" sourceRef="userTask1" targetRef="userTask2"></sequenceFlow>
    <sequenceFlow id="sequenceFlow3" sourceRef="userTask2" targetRef="userTask3"></sequenceFlow>
    <sequenceFlow id="sequenceFlow4" sourceRef="userTask3" targetRef="endEvent1"></sequenceFlow>
  </process>
  <bpmndi:BPMNDiagram id="BPMNDiagram_InjectUserTaskProcess">
    <bpmndi:BPMNPlane bpmnElement="InjectUserTaskProcess" id="BPMNPlane_InjectUserTaskProcess">
      <bpmndi:BPMNShape bpmnElement="startEvent1" id="BPMNShape_startEvent1">
        <omgdc:Bounds height="30.0" width="30.0" x="75.0" y="105.0"></omgdc:Bounds>
      </bpmndi:BPMNShape>
      <bpmndi:BPMNShape bpmnElement="userTask1" id="BPMNShape_userTask1">
        <omgdc:Bounds height="80.0" width="100.0" x="150.0" y="80.0"></omgdc:Bounds>
      </bpmndi:BPMNShape>
      <bpmndi:BPMNShape bpmnElement="userTask2" id="BPMNShape_userTask2">
        <omgdc:Bounds height="80.0" width="100.0" x="295.0" y="80.0"></omgdc:Bounds>
      </bpmndi:BPMNShape>
      <bpmndi:BPMNShape bpmnElement="userTask3" id="BPMNShape_userTask3">
        <omgdc:Bounds height="80.0" width="100.0" x="440.0" y="80.0"></omgdc:Bounds>
      </bpmndi:BPMNShape>
      <bpmndi:BPMNShape bpmnElement="endEvent1" id="BPMNShape_endEvent1">
        <omgdc:Bounds height="28.0" width="28.0" x="585.0" y="106.0"></omgdc:Bounds>
      </bpmndi:BPMNShape>
      <bpmndi:BPMNEdge bpmnElement="sequenceFlow3" id="BPMNEdge_sequenceFlow3">
        <omgdi:waypoint x="395.0" y="120.0"></omgdi:waypoint>
        <omgdi:waypoint x="440.0" y="120.0"></omgdi:waypoint>
      </bpmndi:BPMNEdge>
      <bpmndi:BPMNEdge bpmnElement="sequenceFlow4" id="BPMNEdge_sequenceFlow4">
        <omgdi:waypoint x="540.0" y="120.0"></omgdi:waypoint>
        <omgdi:waypoint x="585.0" y="120.0"></omgdi:waypoint>
      </bpmndi:BPMNEdge>
      <bpmndi:BPMNEdge bpmnElement="sequenceFlow1" id="BPMNEdge_sequenceFlow1">
        <omgdi:waypoint x="105.0" y="120.0"></omgdi:waypoint>
        <omgdi:waypoint x="150.0" y="120.0"></omgdi:waypoint>
      </bpmndi:BPMNEdge>
      <bpmndi:BPMNEdge bpmnElement="sequenceFlow2" id="BPMNEdge_sequenceFlow2">
        <omgdi:waypoint x="250.0" y="120.0"></omgdi:waypoint>
        <omgdi:waypoint x="295.0" y="120.0"></omgdi:waypoint>
      </bpmndi:BPMNEdge>
    </bpmndi:BPMNPlane>
  </bpmndi:BPMNDiagram>
</definitions>