<?xml version="1.0" encoding="UTF-8"?>
<definitions xmlns="http://www.omg.org/spec/BPMN/20100524/MODEL" xmlns:xsi="http://www.w3.org/2001/XMLSchema-instance" xmlns:xsd="http://www.w3.org/2001/XMLSchema" xmlns:activiti="http://activiti.org/bpmn" xmlns:bpmndi="http://www.omg.org/spec/BPMN/20100524/DI" xmlns:omgdc="http://www.omg.org/spec/DD/20100524/DC" xmlns:omgdi="http://www.omg.org/spec/DD/20100524/DI" typeLanguage="http://www.w3.org/2001/XMLSchema" expressionLanguage="http://www.w3.org/1999/XPath" targetNamespace="http://www.activiti.org/processdef">
  <process id="MultiInstanceUserTaskProcess" name="会签用户任务实例流程" isExecutable="true">
    <startEvent id="startEvent1"/>
    <userTask id="userTask1" name="上线申请" activiti:assignee="liushaoli"/>
    <sequenceFlow id="sequenceFlow1" sourceRef="startEvent1" targetRef="userTask1"/>
    <userTask id="userTask2" name="管理员会签" activiti:assignee="${assignee}">
      <multiInstanceLoopCharacteristics isSequential="true" activiti:collection="${assigneeList}" activiti:elementVariable="assignee">
        <completionCondition>${nrOfCompletedInstances == nrOfInstances}</completionCondition>
      </multiInstanceLoopCharacteristics>
    </userTask>
    <sequenceFlow id="sequenceFlow2" sourceRef="userTask1" targetRef="userTask2"/>
    <userTask id="userTask3" name="运维操作" activiti:assignee="litao"/>
    <sequenceFlow id="sequenceFlow3" sourceRef="userTask2" targetRef="userTask3"/>
    <endEvent id="endEvent1"/>
    <sequenceFlow id="sequenceFlow4" sourceRef="userTask3" targetRef="endEvent1"/>
  </process>
  <bpmndi:BPMNDiagram id="BPMNDiagram_MultiInstanceUserTaskProcess">
    <bpmndi:BPMNPlane bpmnElement="MultiInstanceUserTaskProcess" id="BPMNPlane_MultiInstanceUserTaskProcess">
      <bpmndi:BPMNShape bpmnElement="startEvent1" id="BPMNShape_startEvent1">
        <omgdc:Bounds height="30.0" width="30.0" x="100.0" y="163.0"></omgdc:Bounds>
      </bpmndi:BPMNShape>
      <bpmndi:BPMNShape bpmnElement="userTask1" id="BPMNShape_userTask1">
        <omgdc:Bounds height="80.0" width="100.0" x="175.0" y="138.0"></omgdc:Bounds>
      </bpmndi:BPMNShape>
      <bpmndi:BPMNShape bpmnElement="userTask2" id="BPMNShape_userTask2">
        <omgdc:Bounds height="80.0" width="100.0" x="330.0" y="138.0"></omgdc:Bounds>
      </bpmndi:BPMNShape>
      <bpmndi:BPMNShape bpmnElement="userTask3" id="BPMNShape_userTask3">
        <omgdc:Bounds height="80.0" width="100.0" x="480.0" y="138.0"></omgdc:Bounds>
      </bpmndi:BPMNShape>
      <bpmndi:BPMNShape bpmnElement="endEvent1" id="BPMNShape_endEvent1">
        <omgdc:Bounds height="28.0" width="28.0" x="645.0" y="164.0"></omgdc:Bounds>
      </bpmndi:BPMNShape>
      <bpmndi:BPMNEdge bpmnElement="sequenceFlow3" id="BPMNEdge_sequenceFlow3">
        <omgdi:waypoint x="430.0" y="178.0"></omgdi:waypoint>
        <omgdi:waypoint x="480.0" y="178.0"></omgdi:waypoint>
      </bpmndi:BPMNEdge>
      <bpmndi:BPMNEdge bpmnElement="sequenceFlow4" id="BPMNEdge_sequenceFlow4">
        <omgdi:waypoint x="580.0" y="178.0"></omgdi:waypoint>
        <omgdi:waypoint x="645.0" y="178.0"></omgdi:waypoint>
      </bpmndi:BPMNEdge>
      <bpmndi:BPMNEdge bpmnElement="sequenceFlow1" id="BPMNEdge_sequenceFlow1">
        <omgdi:waypoint x="130.0" y="178.0"></omgdi:waypoint>
        <omgdi:waypoint x="175.0" y="178.0"></omgdi:waypoint>
      </bpmndi:BPMNEdge>
      <bpmndi:BPMNEdge bpmnElement="sequenceFlow2" id="BPMNEdge_sequenceFlow2">
        <omgdi:waypoint x="275.0" y="178.0"></omgdi:waypoint>
        <omgdi:waypoint x="330.0" y="178.0"></omgdi:waypoint>
      </bpmndi:BPMNEdge>
    </bpmndi:BPMNPlane>
  </bpmndi:BPMNDiagram>
</definitions>