<?xml version="1.0" encoding="UTF-8"?>
<definitions xmlns="http://www.omg.org/spec/BPMN/20100524/MODEL" xmlns:xsi="http://www.w3.org/2001/XMLSchema-instance" xmlns:xsd="http://www.w3.org/2001/XMLSchema" xmlns:activiti="http://activiti.org/bpmn" xmlns:bpmndi="http://www.omg.org/spec/BPMN/20100524/DI" xmlns:omgdc="http://www.omg.org/spec/DD/20100524/DC" xmlns:omgdi="http://www.omg.org/spec/DD/20100524/DI" typeLanguage="http://www.w3.org/2001/XMLSchema" expressionLanguage="http://www.w3.org/1999/XPath" targetNamespace="http://www.activiti.org/processdef">
  <process id="RevokeProcessInstanceProcess" name="撤销示例流程" isExecutable="true">
    <startEvent id="startEvent1"></startEvent>
    <userTask id="userTask1" name="特殊借款申请"></userTask>
    <parallelGateway id="parallelGateway1"></parallelGateway>
    <userTask id="userTask2" name="直属上级审批"></userTask>
    <userTask id="userTask4" name="部门经理审批"></userTask>
    <userTask id="userTask3" name="财务经理审批"></userTask>
    <userTask id="userTask5" name="财务总监审批"></userTask>
    <parallelGateway id="parallelGateway2"></parallelGateway>
    <userTask id="userTask6" name="总经理审批"></userTask>
    <endEvent id="endEvent1"></endEvent>
    <sequenceFlow id="sequenceFlow1" sourceRef="startEvent1" targetRef="userTask1"></sequenceFlow>
    <sequenceFlow id="sequenceFlow2" sourceRef="userTask1" targetRef="parallelGateway1"></sequenceFlow>
    <sequenceFlow id="sequenceFlow3" sourceRef="parallelGateway1" targetRef="userTask2"></sequenceFlow>
    <sequenceFlow id="sequenceFlow4" sourceRef="parallelGateway1" targetRef="userTask3"></sequenceFlow>
    <sequenceFlow id="sequenceFlow5" sourceRef="userTask2" targetRef="userTask4"></sequenceFlow>
    <sequenceFlow id="sequenceFlow6" sourceRef="userTask3" targetRef="userTask5"></sequenceFlow>
    <sequenceFlow id="sequenceFlow7" sourceRef="userTask4" targetRef="parallelGateway2"></sequenceFlow>
    <sequenceFlow id="sequenceFlow8" sourceRef="userTask5" targetRef="parallelGateway2"></sequenceFlow>
    <sequenceFlow id="sequenceFlow9" sourceRef="parallelGateway2" targetRef="userTask6"></sequenceFlow>
    <sequenceFlow id="sequenceFlow10" sourceRef="userTask6" targetRef="endEvent1"></sequenceFlow>
  </process>
  <bpmndi:BPMNDiagram id="BPMNDiagram_RevokeProcessInstanceProcess">
    <bpmndi:BPMNPlane bpmnElement="RevokeProcessInstanceProcess" id="BPMNPlane_RevokeProcessInstanceProcess">
      <bpmndi:BPMNShape bpmnElement="startEvent1" id="BPMNShape_startEvent1">
        <omgdc:Bounds height="30.0" width="30.0" x="75.0" y="135.0"></omgdc:Bounds>
      </bpmndi:BPMNShape>
      <bpmndi:BPMNShape bpmnElement="userTask1" id="BPMNShape_userTask1">
        <omgdc:Bounds height="80.0" width="100.0" x="135.0" y="110.0"></omgdc:Bounds>
      </bpmndi:BPMNShape>
      <bpmndi:BPMNShape bpmnElement="parallelGateway1" id="BPMNShape_parallelGateway1">
        <omgdc:Bounds height="40.0" width="40.0" x="270.0" y="129.0"></omgdc:Bounds>
      </bpmndi:BPMNShape>
      <bpmndi:BPMNShape bpmnElement="userTask2" id="BPMNShape_userTask2">
        <omgdc:Bounds height="80.0" width="100.0" x="315.0" y="30.0"></omgdc:Bounds>
      </bpmndi:BPMNShape>
      <bpmndi:BPMNShape bpmnElement="userTask4" id="BPMNShape_userTask4">
        <omgdc:Bounds height="80.0" width="100.0" x="450.0" y="30.0"></omgdc:Bounds>
      </bpmndi:BPMNShape>
      <bpmndi:BPMNShape bpmnElement="userTask3" id="BPMNShape_userTask3">
        <omgdc:Bounds height="80.0" width="100.0" x="315.0" y="180.0"></omgdc:Bounds>
      </bpmndi:BPMNShape>
      <bpmndi:BPMNShape bpmnElement="userTask5" id="BPMNShape_userTask5">
        <omgdc:Bounds height="80.0" width="100.0" x="450.0" y="180.0"></omgdc:Bounds>
      </bpmndi:BPMNShape>
      <bpmndi:BPMNShape bpmnElement="parallelGateway2" id="BPMNShape_parallelGateway2">
        <omgdc:Bounds height="40.0" width="40.0" x="555.0" y="130.0"></omgdc:Bounds>
      </bpmndi:BPMNShape>
      <bpmndi:BPMNShape bpmnElement="userTask6" id="BPMNShape_userTask6">
        <omgdc:Bounds height="80.0" width="100.0" x="630.0" y="110.0"></omgdc:Bounds>
      </bpmndi:BPMNShape>
      <bpmndi:BPMNShape bpmnElement="endEvent1" id="BPMNShape_endEvent1">
        <omgdc:Bounds height="28.0" width="28.0" x="765.0" y="135.0"></omgdc:Bounds>
      </bpmndi:BPMNShape>
      <bpmndi:BPMNEdge bpmnElement="sequenceFlow5" id="BPMNEdge_sequenceFlow5">
        <omgdi:waypoint x="415.0" y="70.0"></omgdi:waypoint>
        <omgdi:waypoint x="450.0" y="70.0"></omgdi:waypoint>
      </bpmndi:BPMNEdge>
      <bpmndi:BPMNEdge bpmnElement="sequenceFlow6" id="BPMNEdge_sequenceFlow6">
        <omgdi:waypoint x="415.0" y="220.0"></omgdi:waypoint>
        <omgdi:waypoint x="450.0" y="220.0"></omgdi:waypoint>
      </bpmndi:BPMNEdge>
      <bpmndi:BPMNEdge bpmnElement="sequenceFlow3" id="BPMNEdge_sequenceFlow3">
        <omgdi:waypoint x="290.5" y="129.5"></omgdi:waypoint>
        <omgdi:waypoint x="290.5" y="70.0"></omgdi:waypoint>
        <omgdi:waypoint x="315.0" y="70.0"></omgdi:waypoint>
      </bpmndi:BPMNEdge>
      <bpmndi:BPMNEdge bpmnElement="sequenceFlow4" id="BPMNEdge_sequenceFlow4">
        <omgdi:waypoint x="290.5" y="168.5"></omgdi:waypoint>
        <omgdi:waypoint x="290.5" y="220.0"></omgdi:waypoint>
        <omgdi:waypoint x="315.0" y="220.0"></omgdi:waypoint>
      </bpmndi:BPMNEdge>
      <bpmndi:BPMNEdge bpmnElement="sequenceFlow1" id="BPMNEdge_sequenceFlow1">
        <omgdi:waypoint x="105.0" y="150.0"></omgdi:waypoint>
        <omgdi:waypoint x="135.0" y="150.0"></omgdi:waypoint>
      </bpmndi:BPMNEdge>
      <bpmndi:BPMNEdge bpmnElement="sequenceFlow2" id="BPMNEdge_sequenceFlow2">
        <omgdi:waypoint x="235.0" y="149.52380952380952"></omgdi:waypoint>
        <omgdi:waypoint x="270.188679245283" y="149.18867924528303"></omgdi:waypoint>
      </bpmndi:BPMNEdge>
      <bpmndi:BPMNEdge bpmnElement="sequenceFlow10" id="BPMNEdge_sequenceFlow10">
        <omgdi:waypoint x="730.0" y="149.49494949494948"></omgdi:waypoint>
        <omgdi:waypoint x="765.0007141581865" y="149.14140692769507"></omgdi:waypoint>
      </bpmndi:BPMNEdge>
      <bpmndi:BPMNEdge bpmnElement="sequenceFlow9" id="BPMNEdge_sequenceFlow9">
        <omgdi:waypoint x="594.5913461538462" y="150.40865384615384"></omgdi:waypoint>
        <omgdi:waypoint x="630.0" y="150.23923444976077"></omgdi:waypoint>
      </bpmndi:BPMNEdge>
      <bpmndi:BPMNEdge bpmnElement="sequenceFlow7" id="BPMNEdge_sequenceFlow7">
        <omgdi:waypoint x="550.0" y="70.0"></omgdi:waypoint>
        <omgdi:waypoint x="575.0" y="70.0"></omgdi:waypoint>
        <omgdi:waypoint x="575.0" y="130.0"></omgdi:waypoint>
      </bpmndi:BPMNEdge>
      <bpmndi:BPMNEdge bpmnElement="sequenceFlow8" id="BPMNEdge_sequenceFlow8">
        <omgdi:waypoint x="550.0" y="220.0"></omgdi:waypoint>
        <omgdi:waypoint x="575.0" y="220.0"></omgdi:waypoint>
        <omgdi:waypoint x="575.0" y="170.0"></omgdi:waypoint>
      </bpmndi:BPMNEdge>
    </bpmndi:BPMNPlane>
  </bpmndi:BPMNDiagram>
</definitions>