<?xml version="1.0" encoding="UTF-8"?>
<definitions xmlns="http://www.omg.org/spec/BPMN/20100524/MODEL" xmlns:xsi="http://www.w3.org/2001/XMLSchema-instance" xmlns:xsd="http://www.w3.org/2001/XMLSchema" xmlns:activiti="http://activiti.org/bpmn" xmlns:bpmndi="http://www.omg.org/spec/BPMN/20100524/DI" xmlns:omgdc="http://www.omg.org/spec/DD/20100524/DC" xmlns:omgdi="http://www.omg.org/spec/DD/20100524/DI" typeLanguage="http://www.w3.org/2001/XMLSchema" expressionLanguage="http://www.w3.org/1999/XPath" targetNamespace="http://www.activiti.org/processdef">
  <process id="TaskRecallProcess" name="借款申请流程" isExecutable="true">
    <startEvent id="startEvent1"></startEvent>
    <userTask id="userTask1" name="借款申请"></userTask>
    <sequenceFlow id="sequenceFlow1" sourceRef="startEvent1" targetRef="userTask1"></sequenceFlow>
    <parallelGateway id="parallelGateway1"></parallelGateway>
    <sequenceFlow id="sequenceFlow2" sourceRef="userTask1" targetRef="parallelGateway1"></sequenceFlow>
    <userTask id="userTask2" name="直属上级审批"></userTask>
    <sequenceFlow id="sequenceFlow3" sourceRef="parallelGateway1" targetRef="userTask2"></sequenceFlow>
    <userTask id="userTask3" name="财务经理审批"></userTask>
    <sequenceFlow id="sequenceFlow4" sourceRef="parallelGateway1" targetRef="userTask3"></sequenceFlow>
    <parallelGateway id="parallelGateway2"></parallelGateway>
    <sequenceFlow id="sequenceFlow5" sourceRef="userTask2" targetRef="parallelGateway2"></sequenceFlow>
    <sequenceFlow id="sequenceFlow6" sourceRef="userTask3" targetRef="parallelGateway2"></sequenceFlow>
    <userTask id="userTask4" name="总经理审批"></userTask>
    <sequenceFlow id="sequenceFlow7" sourceRef="parallelGateway2" targetRef="userTask4"></sequenceFlow>
    <endEvent id="endEvent1"></endEvent>
    <sequenceFlow id="sequenceFlow8" sourceRef="userTask4" targetRef="endEvent1"></sequenceFlow>
  </process>
  <bpmndi:BPMNDiagram id="BPMNDiagram_TaskRecallProcess">
    <bpmndi:BPMNPlane bpmnElement="TaskRecallProcess" id="BPMNPlane_TaskRecallProcess">
      <bpmndi:BPMNShape bpmnElement="startEvent1" id="BPMNShape_startEvent1">
        <omgdc:Bounds height="30.0" width="30.0" x="120.0" y="165.0"></omgdc:Bounds>
      </bpmndi:BPMNShape>
      <bpmndi:BPMNShape bpmnElement="userTask1" id="BPMNShape_userTask1">
        <omgdc:Bounds height="80.0" width="100.0" x="180.0" y="140.0"></omgdc:Bounds>
      </bpmndi:BPMNShape>
      <bpmndi:BPMNShape bpmnElement="parallelGateway1" id="BPMNShape_parallelGateway1">
        <omgdc:Bounds height="40.0" width="40.0" x="315.0" y="160.0"></omgdc:Bounds>
      </bpmndi:BPMNShape>
      <bpmndi:BPMNShape bpmnElement="userTask2" id="BPMNShape_userTask2">
        <omgdc:Bounds height="80.0" width="100.0" x="375.0" y="45.0"></omgdc:Bounds>
      </bpmndi:BPMNShape>
      <bpmndi:BPMNShape bpmnElement="userTask3" id="BPMNShape_userTask3">
        <omgdc:Bounds height="80.0" width="100.0" x="375.0" y="225.0"></omgdc:Bounds>
      </bpmndi:BPMNShape>
      <bpmndi:BPMNShape bpmnElement="parallelGateway2" id="BPMNShape_parallelGateway2">
        <omgdc:Bounds height="40.0" width="40.0" x="495.0" y="160.0"></omgdc:Bounds>
      </bpmndi:BPMNShape>
      <bpmndi:BPMNShape bpmnElement="userTask4" id="BPMNShape_userTask4">
        <omgdc:Bounds height="80.0" width="100.0" x="570.0" y="140.0"></omgdc:Bounds>
      </bpmndi:BPMNShape>
      <bpmndi:BPMNShape bpmnElement="endEvent1" id="BPMNShape_endEvent1">
        <omgdc:Bounds height="28.0" width="28.0" x="705.0" y="166.0"></omgdc:Bounds>
      </bpmndi:BPMNShape>
      <bpmndi:BPMNEdge bpmnElement="sequenceFlow5" id="BPMNEdge_sequenceFlow5">
        <omgdi:waypoint x="475.0" y="85.0"></omgdi:waypoint>
        <omgdi:waypoint x="515.0" y="85.0"></omgdi:waypoint>
        <omgdi:waypoint x="515.0" y="160.0"></omgdi:waypoint>
      </bpmndi:BPMNEdge>
      <bpmndi:BPMNEdge bpmnElement="sequenceFlow6" id="BPMNEdge_sequenceFlow6">
        <omgdi:waypoint x="475.0" y="265.0"></omgdi:waypoint>
        <omgdi:waypoint x="515.0" y="265.0"></omgdi:waypoint>
        <omgdi:waypoint x="515.0" y="200.0"></omgdi:waypoint>
      </bpmndi:BPMNEdge>
      <bpmndi:BPMNEdge bpmnElement="sequenceFlow3" id="BPMNEdge_sequenceFlow3">
        <omgdi:waypoint x="335.0" y="160.0"></omgdi:waypoint>
        <omgdi:waypoint x="335.0" y="85.0"></omgdi:waypoint>
        <omgdi:waypoint x="375.0" y="85.0"></omgdi:waypoint>
      </bpmndi:BPMNEdge>
      <bpmndi:BPMNEdge bpmnElement="sequenceFlow4" id="BPMNEdge_sequenceFlow4">
        <omgdi:waypoint x="335.0" y="200.0"></omgdi:waypoint>
        <omgdi:waypoint x="335.0" y="265.0"></omgdi:waypoint>
        <omgdi:waypoint x="375.0" y="265.0"></omgdi:waypoint>
      </bpmndi:BPMNEdge>
      <bpmndi:BPMNEdge bpmnElement="sequenceFlow1" id="BPMNEdge_sequenceFlow1">
        <omgdi:waypoint x="150.0" y="180.0"></omgdi:waypoint>
        <omgdi:waypoint x="180.0" y="180.0"></omgdi:waypoint>
      </bpmndi:BPMNEdge>
      <bpmndi:BPMNEdge bpmnElement="sequenceFlow2" id="BPMNEdge_sequenceFlow2">
        <omgdi:waypoint x="280.0" y="180.0"></omgdi:waypoint>
        <omgdi:waypoint x="315.0" y="180.0"></omgdi:waypoint>
      </bpmndi:BPMNEdge>
      <bpmndi:BPMNEdge bpmnElement="sequenceFlow7" id="BPMNEdge_sequenceFlow7">
        <omgdi:waypoint x="535.0" y="180.0"></omgdi:waypoint>
        <omgdi:waypoint x="570.0" y="180.0"></omgdi:waypoint>
      </bpmndi:BPMNEdge>
      <bpmndi:BPMNEdge bpmnElement="sequenceFlow8" id="BPMNEdge_sequenceFlow8">
        <omgdi:waypoint x="670.0" y="180.0"></omgdi:waypoint>
        <omgdi:waypoint x="705.0" y="180.0"></omgdi:waypoint>
      </bpmndi:BPMNEdge>
    </bpmndi:BPMNPlane>
  </bpmndi:BPMNDiagram>
</definitions>