<?xml version="1.0" encoding="UTF-8"?>
<beans xmlns="http://www.springframework.org/schema/beans"
       xmlns:xsi="http://www.w3.org/2001/XMLSchema-instance"
       xsi:schemaLocation="http://www.springframework.org/schema/beans
       http://www.springframework.org/schema/beans/spring-beans.xsd">

    <!--数据源配置-->
    <bean id="dataSource" class="org.apache.commons.dbcp.BasicDataSource">
        <property name="driverClassName" value="com.mysql.jdbc.Driver"/> 
        <property name="url" value="jdbc:mysql://localhost:3306/workflow"/> 
        <property name="username" value="root"/> 
        <property name="password" value="123456"/> 
    </bean>
    <!--activiti流程引擎-->
    <bean id="processEngineConfiguration"
          class="org.activiti.engine.impl.cfg.StandaloneProcessEngineConfiguration">
        <!-- 数据源 -->
        <property name="dataSource" ref="dataSource"/>
        <!-- 数据库更新策略 -->
        <property name="databaseSchemaUpdate" value="true"/>
    </bean>
</beans>
