<?xml version="1.0" encoding="UTF-8"?>
<beans xmlns="http://www.springframework.org/schema/beans"
       xmlns:xsi="http://www.w3.org/2001/XMLSchema-instance"
       xsi:schemaLocation="http://www.springframework.org/schema/beans
			http://www.springframework.org/schema/beans/spring-beans-4.3.xsd">
    <!--activiti流程引擎-->
    <bean id="processEngineConfiguration" class="org.activiti.spring.SpringProcessEngineConfiguration">
        <!-- 数据源 -->
        <property name="dataSource" ref="dataSource"/>
        <!-- 数据库更新策略 -->
        <property name="databaseSchemaUpdate" value="create-drop"/>
        <!-- 事务管理器 -->
        <property name="transactionManager" ref="transactionManager" />

        <!-- 自动部署
        <property name="deploymentResources">
            <list>
                <value>classpath:/processes/InnerFormProcess.bpmn20.xml</value>
                <value>classpath:/processes/OuterFormProcess.zip</value>
            </list>
        </property>
        -->
        <!-- 自定义表单字段类型 -->
        <property name="customFormTypes">
            <list>
                <bean class="com.bpm.example.demo2.formtype.JsonFormType"/>
            </list>
        </property>

    </bean>

    <bean id="processEngine" class="org.activiti.spring.ProcessEngineFactoryBean">
        <property name="processEngineConfiguration" ref="processEngineConfiguration"/>
    </bean>

    <!-- 配置Activiti的各种服务 -->
    <bean id="repositoryService" factory-bean="processEngine" factory-method="getRepositoryService"/>
    <bean id="runtimeService" factory-bean="processEngine" factory-method="getRuntimeService"/>
    <bean id="formService" factory-bean="processEngine" factory-method="getFormService"/>
    <bean id="identityService" factory-bean="processEngine" factory-method="getIdentityService"/>
    <bean id="taskService" factory-bean="processEngine" factory-method="getTaskService"/>
    <bean id="historyService" factory-bean="processEngine" factory-method="getHistoryService"/>
    <bean id="managementService" factory-bean="processEngine" factory-method="getManagementService"/>

    <!--配置事务管理器-->
    <bean id="transactionManager"
          class="org.springframework.jdbc.datasource.DataSourceTransactionManager">
        <property name="dataSource" ref="dataSource" />
    </bean>

    <!--数据源配置-->
    <bean id="dataSource" class="org.apache.commons.dbcp.BasicDataSource">
        <property name="driverClassName" value="org.h2.Driver"/>
        <property name="url" value="jdbc:h2:mem:activiti"/>
        <property name="username" value="sa"/>
        <property name="password" value=""/>
    </bean>

</beans>