<?xml version="1.0" encoding="UTF-8"?>
<beans xmlns="http://www.springframework.org/schema/beans"
       xmlns:xsi="http://www.w3.org/2001/XMLSchema-instance"
       xsi:schemaLocation="http://www.springframework.org/schema/beans
       http://www.springframework.org/schema/beans/spring-beans.xsd">
    <!--数据源配置-->
    <bean id="dataSource" class="org.apache.commons.dbcp.BasicDataSource">
        <property name="driverClassName" value="org.h2.Driver"/>
        <property name="url" value="jdbc:h2:mem:activiti"/>
        <property name="username" value="sa"/>
        <property name="password" value=""/>
    </bean>
    <bean id="processEngineConfiguration"
          class="org.activiti.engine.impl.cfg.StandaloneInMemProcessEngineConfiguration">
        <!--打开异步激活器激活异步，如果不配置线程池就会使用它的默认线程池-->
        <property name="asyncExecutorActivate" value="true"/>
        <!--如果使用我们自己定义的线程池，需要先定义一个执行器-->
        <property name="asyncExecutor" ref="asyncExecutor" />

        <!-- 数据源 -->
        <property name="dataSource" ref="dataSource"/>
        <!-- 数据库更新策略 -->
        <property name="databaseSchemaUpdate" value="true"/>
    </bean>
    <!-- 执行器默认使用DefaultAsyncJobExecutor -->
    <bean id="asyncExecutor"
          class="org.activiti.engine.impl.asyncexecutor.DefaultAsyncJobExecutor">
        <!-- 自定义线程池ExecutorService -->
        <property name="executorService" ref="executorService"/>
    </bean>
    <bean id="executorService" class="org.springframework.scheduling.concurrent.ThreadPoolExecutorFactoryBean">
        <property name="threadNamePrefix" value="activiti-job-"/>
        <property name="corePoolSize" value="10"/>
        <property name="maxPoolSize" value="20"/>
        <property name="queueCapacity" value="100"/>
        <!-- 设置当线程池满了时候的拒绝策略,这里是使用的默认策略，抛出异常 -->
        <property name="rejectedExecutionHandler">
            <bean class="java.util.concurrent.ThreadPoolExecutor$AbortPolicy"/>
        </property>
    </bean>
</beans>
