<?xml version='1.0' encoding='UTF-8'?>
<definitions xmlns="http://www.omg.org/spec/BPMN/20100524/MODEL" xmlns:xsi="http://www.w3.org/2001/XMLSchema-instance" xmlns:xsd="http://www.w3.org/2001/XMLSchema" xmlns:activiti="http://activiti.org/bpmn" xmlns:bpmndi="http://www.omg.org/spec/BPMN/20100524/DI" xmlns:omgdc="http://www.omg.org/spec/DD/20100524/DC" xmlns:omgdi="http://www.omg.org/spec/DD/20100524/DI" typeLanguage="http://www.w3.org/2001/XMLSchema" expressionLanguage="http://www.w3.org/1999/XPath" targetNamespace="http://www.activiti.org/processdef">
  <process id="ConditionalSequenceFlowProcess" name="条件顺序流示例流程" isExecutable="true">
    <startEvent id="startEvent1"/>
    <userTask id="userApply" name="采购申请"></userTask>
    <endEvent id="endEvent1"></endEvent>
    <userTask id="managerApprove" name="财务经理审批"></userTask>
    <userTask id="directorApprove" name="财务主管审批"></userTask>
    <sequenceFlow id="sequenceFlow1" sourceRef="managerApprove" targetRef="endEvent1"/>
    <sequenceFlow id="sequenceFlow2" sourceRef="directorApprove" targetRef="endEvent1"/>
    <sequenceFlow id="sequenceFlow3" name="${totalPrice&lt;10000}" sourceRef="userApply" targetRef="managerApprove">
      <conditionExpression xsi:type="tFormalExpression"><![CDATA[${totalPrice<10000}]]></conditionExpression>
    </sequenceFlow>
    <sequenceFlow id="sequenceFlow4" name="${totalPrice>=10000}" sourceRef="userApply" targetRef="directorApprove">
      <conditionExpression xsi:type="tFormalExpression"><![CDATA[${totalPrice>=10000}]]></conditionExpression>
    </sequenceFlow>
    <sequenceFlow id="sequenceFlow5" sourceRef="startEvent1" targetRef="userApply"/>
  </process>
  <bpmndi:BPMNDiagram id="BPMNDiagram_ConditionalSequenceFlowProcess">
    <bpmndi:BPMNPlane bpmnElement="ConditionalSequenceFlowProcess" id="BPMNPlane_ConditionalSequenceFlowProcess">
      <bpmndi:BPMNShape bpmnElement="startEvent1" id="BPMNShape_startEvent1">
        <omgdc:Bounds height="30.0" width="30.0" x="165.0" y="163.0"/>
      </bpmndi:BPMNShape>
      <bpmndi:BPMNShape bpmnElement="userApply" id="BPMNShape_userApply">
        <omgdc:Bounds height="80.0" width="100.0" x="285.0" y="138.0"/>
      </bpmndi:BPMNShape>
      <bpmndi:BPMNShape bpmnElement="endEvent1" id="BPMNShape_endEvent1">
        <omgdc:Bounds height="28.0" width="28.0" x="720.0" y="164.0"/>
      </bpmndi:BPMNShape>
      <bpmndi:BPMNShape bpmnElement="managerApprove" id="BPMNShape_managerApprove">
        <omgdc:Bounds height="80.0" width="100.0" x="540.0" y="45.0"/>
      </bpmndi:BPMNShape>
      <bpmndi:BPMNShape bpmnElement="directorApprove" id="BPMNShape_directorApprove">
        <omgdc:Bounds height="80.0" width="100.0" x="540.0" y="225.0"/>
      </bpmndi:BPMNShape>
      <bpmndi:BPMNEdge bpmnElement="sequenceFlow4" id="BPMNEdge_sequenceFlow4">
        <omgdi:waypoint x="385.0" y="195.05882352941177"/>
        <omgdi:waypoint x="540.0" y="247.94117647058823"/>
      </bpmndi:BPMNEdge>
      <bpmndi:BPMNEdge bpmnElement="sequenceFlow3" id="BPMNEdge_sequenceFlow3">
        <omgdi:waypoint x="385.0" y="159.76470588235293"/>
        <omgdi:waypoint x="540.0" y="103.23529411764706"/>
      </bpmndi:BPMNEdge>
      <bpmndi:BPMNEdge bpmnElement="sequenceFlow1" id="BPMNEdge_sequenceFlow1">
        <omgdi:waypoint x="640.0" y="117.29166666666667"/>
        <omgdi:waypoint x="722.2394487112372" y="170.4046439593407"/>
      </bpmndi:BPMNEdge>
      <bpmndi:BPMNEdge bpmnElement="sequenceFlow5" id="BPMNEdge_sequenceFlow5">
        <omgdi:waypoint x="195.0" y="178.0"/>
        <omgdi:waypoint x="285.0" y="178.0"/>
      </bpmndi:BPMNEdge>
      <bpmndi:BPMNEdge bpmnElement="sequenceFlow2" id="BPMNEdge_sequenceFlow2">
        <omgdi:waypoint x="640.0" y="234.79166666666666"/>
        <omgdi:waypoint x="722.017182412759" y="185.23961895895815"/>
      </bpmndi:BPMNEdge>
    </bpmndi:BPMNPlane>
  </bpmndi:BPMNDiagram>
</definitions>