<?xml version='1.0' encoding='UTF-8'?>
<definitions xmlns="http://www.omg.org/spec/BPMN/20100524/MODEL" xmlns:xsi="http://www.w3.org/2001/XMLSchema-instance" xmlns:xsd="http://www.w3.org/2001/XMLSchema" xmlns:activiti="http://activiti.org/bpmn" xmlns:bpmndi="http://www.omg.org/spec/BPMN/20100524/DI" xmlns:omgdc="http://www.omg.org/spec/DD/20100524/DC" xmlns:omgdi="http://www.omg.org/spec/DD/20100524/DI" typeLanguage="http://www.w3.org/2001/XMLSchema" expressionLanguage="http://www.w3.org/1999/XPath" targetNamespace="http://www.activiti.org/processdef">

  <!-- 定义信号 -->
  <signal id="alertSignal" name="alert" />

  <process id="EventGatewayProcess" name="事件网关" isExecutable="true">
    <startEvent id="startEvent1"/>
    <userTask id="userTask1" name="客户投诉"></userTask>
    <sequenceFlow id="sequenceFlow1" sourceRef="startEvent1" targetRef="userTask1"/>
    <!-- 定义事件网关 -->
    <eventBasedGateway id="eventBasedGateway1"/>
    <sequenceFlow id="sequenceFlow2" sourceRef="userTask1" targetRef="eventBasedGateway1"/>
    <!-- 定义定时中间事件 -->
    <intermediateCatchEvent  id="intermediateCatchEvent1" name="30min">
      <timerEventDefinition>
        <timeDuration>PT30M</timeDuration>
      </timerEventDefinition>
    </intermediateCatchEvent>

    <!-- 定义信号中间捕获事件 -->
    <intermediateCatchEvent  id="intermediateCatchEvent2">
      <signalEventDefinition signalRef="alertSignal" />
    </intermediateCatchEvent>

    <sequenceFlow id="sequenceFlow3" sourceRef="eventBasedGateway1" targetRef="intermediateCatchEvent1"/>
    <sequenceFlow id="sequenceFlow4" sourceRef="eventBasedGateway1" targetRef="intermediateCatchEvent2"/>
    <userTask id="userTask2" name="二线客服处理"></userTask>
    <sequenceFlow id="sequenceFlow5" sourceRef="intermediateCatchEvent1" targetRef="userTask2"/>
    <userTask id="userTask3" name="一线客服处理"></userTask>
    <sequenceFlow id="sequenceFlow6" sourceRef="intermediateCatchEvent2" targetRef="userTask3"/>
    <endEvent id="endEvent1">
    </endEvent>
    <sequenceFlow id="sequenceFlow7" sourceRef="userTask2" targetRef="endEvent1"/>
    <sequenceFlow id="sequenceFlow8" sourceRef="userTask3" targetRef="endEvent1"/>
  </process>
  <bpmndi:BPMNDiagram id="BPMNDiagram_EventGatewayProcess">
    <bpmndi:BPMNPlane bpmnElement="EventGatewayProcess" id="BPMNPlane_EventGatewayProcess">
      <bpmndi:BPMNShape bpmnElement="startEvent1" id="BPMNShape_startEvent1">
        <omgdc:Bounds height="30.0" width="30.0" x="30.0" y="135.0"/>
      </bpmndi:BPMNShape>
      <bpmndi:BPMNShape bpmnElement="userTask1" id="BPMNShape_userTask1">
        <omgdc:Bounds height="80.0" width="100.0" x="105.0" y="110.0"/>
      </bpmndi:BPMNShape>
      <bpmndi:BPMNShape bpmnElement="eventBasedGateway1" id="BPMNShape_eventBasedGateway1">
        <omgdc:Bounds height="40.0" width="40.0" x="270.0" y="130.0"/>
      </bpmndi:BPMNShape>
      <bpmndi:BPMNShape bpmnElement="intermediateCatchEvent1" id="BPMNShape_intermediateCatchEvent1">
        <omgdc:Bounds height="31.0" width="31.0" x="370.0" y="65.5"/>
      </bpmndi:BPMNShape>
      <bpmndi:BPMNShape bpmnElement="intermediateCatchEvent2" id="BPMNShape_intermediateCatchEvent2">
        <omgdc:Bounds height="30.0" width="30.0" x="370.5" y="195.0"/>
      </bpmndi:BPMNShape>
      <bpmndi:BPMNShape bpmnElement="userTask2" id="BPMNShape_userTask2">
        <omgdc:Bounds height="80.0" width="100.0" x="446.0" y="41.0"/>
      </bpmndi:BPMNShape>
      <bpmndi:BPMNShape bpmnElement="userTask3" id="BPMNShape_userTask3">
        <omgdc:Bounds height="80.0" width="100.0" x="445.5" y="170.0"/>
      </bpmndi:BPMNShape>
      <bpmndi:BPMNShape bpmnElement="endEvent1" id="BPMNShape_endEvent1">
        <omgdc:Bounds height="28.0" width="28.0" x="640.0" y="136.0"/>
      </bpmndi:BPMNShape>
      <bpmndi:BPMNEdge bpmnElement="sequenceFlow3" id="BPMNEdge_sequenceFlow3">
        <omgdi:waypoint x="290.5" y="130.5"/>
        <omgdi:waypoint x="290.5" y="81.0"/>
        <omgdi:waypoint x="370.0" y="81.0"/>
      </bpmndi:BPMNEdge>
      <bpmndi:BPMNEdge bpmnElement="sequenceFlow8" id="BPMNEdge_sequenceFlow8">
        <omgdi:waypoint x="545.5" y="210.0"/>
        <omgdi:waypoint x="654.0" y="210.0"/>
        <omgdi:waypoint x="654.0" y="164.0"/>
      </bpmndi:BPMNEdge>
      <bpmndi:BPMNEdge bpmnElement="sequenceFlow7" id="BPMNEdge_sequenceFlow7">
        <omgdi:waypoint x="546.0" y="81.0"/>
        <omgdi:waypoint x="654.0" y="81.0"/>
        <omgdi:waypoint x="654.0" y="136.0"/>
      </bpmndi:BPMNEdge>
      <bpmndi:BPMNEdge bpmnElement="sequenceFlow6" id="BPMNEdge_sequenceFlow6">
        <omgdi:waypoint x="400.5" y="210.0"/>
        <omgdi:waypoint x="445.5" y="210.0"/>
      </bpmndi:BPMNEdge>
      <bpmndi:BPMNEdge bpmnElement="sequenceFlow2" id="BPMNEdge_sequenceFlow2">
        <omgdi:waypoint x="205.0" y="150.0"/>
        <omgdi:waypoint x="270.0" y="150.0"/>
      </bpmndi:BPMNEdge>
      <bpmndi:BPMNEdge bpmnElement="sequenceFlow4" id="BPMNEdge_sequenceFlow4">
        <omgdi:waypoint x="290.5" y="169.5"/>
        <omgdi:waypoint x="290.5" y="210.0"/>
        <omgdi:waypoint x="370.5" y="210.0"/>
      </bpmndi:BPMNEdge>
      <bpmndi:BPMNEdge bpmnElement="sequenceFlow5" id="BPMNEdge_sequenceFlow5">
        <omgdi:waypoint x="401.99983471330506" y="81.42727347857588"/>
        <omgdi:waypoint x="446.0" y="81.22727272727272"/>
      </bpmndi:BPMNEdge>
      <bpmndi:BPMNEdge bpmnElement="sequenceFlow1" id="BPMNEdge_sequenceFlow1">
        <omgdi:waypoint x="60.0" y="150.0"/>
        <omgdi:waypoint x="105.0" y="150.0"/>
      </bpmndi:BPMNEdge>
    </bpmndi:BPMNPlane>
  </bpmndi:BPMNDiagram>
</definitions>