<?xml version='1.0' encoding='UTF-8'?>
<definitions xmlns="http://www.omg.org/spec/BPMN/20100524/MODEL" xmlns:xsi="http://www.w3.org/2001/XMLSchema-instance" xmlns:xsd="http://www.w3.org/2001/XMLSchema" xmlns:activiti="http://activiti.org/bpmn" xmlns:bpmndi="http://www.omg.org/spec/BPMN/20100524/DI" xmlns:omgdc="http://www.omg.org/spec/DD/20100524/DC" xmlns:omgdi="http://www.omg.org/spec/DD/20100524/DI" typeLanguage="http://www.w3.org/2001/XMLSchema" expressionLanguage="http://www.w3.org/1999/XPath" targetNamespace="http://www.activiti.org/processdef">
  <process id="sequenceFlowProcess" name="顺序流示例流程" isExecutable="true">
    <!--  定义开始事件 -->
    <startEvent id="startEvent1" name="开始事件"/>
    <!--  定义用户任务 -->
    <userTask id="userTask1" name="用户任务"></userTask>
    <!--  定义结束事件 -->
    <endEvent id="endEvent1" name="结束事件"></endEvent>
    <!--  定义顺序流1，连接开始事件和用户任务 -->
    <sequenceFlow id="sequenceFlow1" name="顺序流1" sourceRef="startEvent1" targetRef="userTask1"/>
    <!--  定义顺序流2，连接用户任务和结束事件   -->
    <sequenceFlow id="sequenceFlow2" name="顺序流2" sourceRef="userTask1" targetRef="endEvent1"/>
  </process>
  <bpmndi:BPMNDiagram id="BPMNDiagram_sequenceFlowProcess">
    <bpmndi:BPMNPlane bpmnElement="sequenceFlowProcess" id="BPMNPlane_sequenceFlowProcess">
      <bpmndi:BPMNShape bpmnElement="startEvent1" id="BPMNShape_startEvent1">
        <omgdc:Bounds height="30.0" width="30.0" x="100.0" y="163.0"/>
      </bpmndi:BPMNShape>
      <bpmndi:BPMNShape bpmnElement="userTask1" id="BPMNShape_userTask1">
        <omgdc:Bounds height="80.0" width="100.0" x="255.0" y="138.0"/>
      </bpmndi:BPMNShape>
      <bpmndi:BPMNShape bpmnElement="endEvent1" id="BPMNShape_endEvent1">
        <omgdc:Bounds height="28.0" width="28.0" x="475.0" y="164.0"/>
      </bpmndi:BPMNShape>
      <bpmndi:BPMNEdge bpmnElement="sequenceFlow2" id="BPMNEdge_sequenceFlow2">
        <omgdi:waypoint x="355.0" y="178.0"/>
        <omgdi:waypoint x="475.0" y="178.0"/>
      </bpmndi:BPMNEdge>
      <bpmndi:BPMNEdge bpmnElement="sequenceFlow1" id="BPMNEdge_sequenceFlow1">
        <omgdi:waypoint x="130.0" y="178.0"/>
        <omgdi:waypoint x="255.0" y="178.0"/>
      </bpmndi:BPMNEdge>
    </bpmndi:BPMNPlane>
  </bpmndi:BPMNDiagram>
</definitions>