<?xml version="1.0" encoding="UTF-8"?>
<beans xmlns="http://www.springframework.org/schema/beans"
       xmlns:xsi="http://www.w3.org/2001/XMLSchema-instance"
       xsi:schemaLocation="http://www.springframework.org/schema/beans
       http://www.springframework.org/schema/beans/spring-beans.xsd">
    <!--数据源配置-->
    <bean id="dataSource" class="org.apache.commons.dbcp.BasicDataSource">
        <property name="driverClassName" value="org.h2.Driver"/>
        <property name="url" value="jdbc:h2:mem:activiti"/>
        <property name="username" value="sa"/>
        <property name="password" value=""/>
    </bean>

    <!-- 配置Execution数据管理器 -->
    <bean id="executionDataManager" class="org.activiti.engine.impl.persistence.entity.data.impl.MybatisExecutionDataManager">
        <constructor-arg ref="processEngineConfiguration"/>
    </bean>
    <!-- 配置自定义Execution实体管理器 -->
    <bean id="customExecutionEntityManager" class="com.bpm.example.demo8.persistence.entity.CustomExecutionEntityManagerImpl" >
        <constructor-arg index="0" ref="processEngineConfiguration"/>
        <constructor-arg index="1" ref="executionDataManager"/>
    </bean>

    <!--activiti流程引擎-->
    <bean id="processEngineConfiguration"
          class="org.activiti.engine.impl.cfg.StandaloneProcessEngineConfiguration">
        <!-- 数据源 -->
        <property name="dataSource" ref="dataSource"/>
        <!-- 数据库更新策略 -->
        <property name="databaseSchemaUpdate" value="create-drop"/>
        <!-- 配置自定义processInstanceHelper属性 -->
        <property name="processInstanceHelper">
            <bean class="com.bpm.example.demo8.impl.util.CustomProcessInstanceHelper"/>
        </property>
        <!-- 配置executionEntityManager属性 -->
        <property name="executionEntityManager" ref="customExecutionEntityManager"/>
    </bean>
</beans>
