<?xml version='1.0' encoding='UTF-8'?>
<definitions xmlns="http://www.omg.org/spec/BPMN/20100524/MODEL" xmlns:bpmndi="http://www.omg.org/spec/BPMN/20100524/DI"
             xmlns:omgdc="http://www.omg.org/spec/DD/20100524/DC" xmlns:omgdi="http://www.omg.org/spec/DD/20100524/DI"
             typeLanguage="http://www.w3.org/2001/XMLSchema" expressionLanguage="http://www.w3.org/1999/XPath"
             targetNamespace="http://www.activiti.org/processdef">
    <process id="SimpleProcess3" name="SimpleProcess3" isExecutable="true">
        <startEvent id="startEvent1" name="开始"/>
        <sequenceFlow id="sequenceFlow1" sourceRef="startEvent1" targetRef="userTask1"/>
        <userTask id="userTask1" name="申请"/>
        <sequenceFlow id="sequenceFlow2" sourceRef="userTask1" targetRef="timer1"/>
        <intermediateCatchEvent id="timer1">
            <timerEventDefinition>
                <timeDuration>PT10M</timeDuration>
            </timerEventDefinition>
        </intermediateCatchEvent>
        <sequenceFlow id="sequenceFlow3" sourceRef="timer1" targetRef="endEvent1"/>
        <endEvent id="endEvent1" name="结束"/>
    </process>
    <bpmndi:BPMNDiagram id="BPMNDiagram_SimpleProcess3">
        <bpmndi:BPMNPlane bpmnElement="SimpleProcess3" id="BPMNPlane_SimpleProcess3">
            <bpmndi:BPMNShape bpmnElement="startEvent1" id="BPMNShape_startEvent1">
                <omgdc:Bounds height="30.0" width="30.0" x="100.0" y="163.0"/>
            </bpmndi:BPMNShape>
            <bpmndi:BPMNShape bpmnElement="userTask1" id="BPMNShape_userTask1">
                <omgdc:Bounds height="80.0" width="100.0" x="175.0" y="138.0"/>
            </bpmndi:BPMNShape>
            <bpmndi:BPMNShape bpmnElement="timer1" id="BPMNShape_timer1">
                <omgdc:Bounds height="31.0" width="31.0" x="320.0" y="162.5"/>
            </bpmndi:BPMNShape>
            <bpmndi:BPMNShape bpmnElement="endEvent1" id="BPMNShape_endEvent1">
                <omgdc:Bounds height="28.0" width="28.0" x="396.0" y="164.0"/>
            </bpmndi:BPMNShape>
            <bpmndi:BPMNEdge bpmnElement="sequenceFlow2"
                             id="BPMNEdge_sequenceFlow2">
                <omgdi:waypoint x="275.0" y="178.22522522522522"/>
                <omgdi:waypoint x="320.0001623220164" y="178.42792865910818"/>
            </bpmndi:BPMNEdge>
            <bpmndi:BPMNEdge bpmnElement="sequenceFlow1"
                             id="BPMNEdge_sequenceFlow1">
                <omgdi:waypoint x="130.0" y="178.0"/>
                <omgdi:waypoint x="175.0" y="178.0"/>
            </bpmndi:BPMNEdge>
            <bpmndi:BPMNEdge bpmnElement="sequenceFlow3"
                             id="BPMNEdge_sequenceFlow3">
                <omgdi:waypoint x="351.99963478241017" y="178.39189435957832"/>
                <omgdi:waypoint x="396.0003195653911" y="178.09459243536898"/>
            </bpmndi:BPMNEdge>
        </bpmndi:BPMNPlane>
    </bpmndi:BPMNDiagram>
</definitions>